-- phpMyAdmin SQL Dump
-- version 5.1.3
-- https://www.phpmyadmin.net/
--
-- 主機： localhost:3306
-- 產生時間： 2022-03-25 11:40:48
-- 伺服器版本： 5.7.33
-- PHP 版本： 7.4.19

SET SQL_MODE = "NO_AUTO_VALUE_ON_ZERO";
START TRANSACTION;
SET time_zone = "+00:00";


/*!40101 SET @OLD_CHARACTER_SET_CLIENT=@@CHARACTER_SET_CLIENT */;
/*!40101 SET @OLD_CHARACTER_SET_RESULTS=@@CHARACTER_SET_RESULTS */;
/*!40101 SET @OLD_COLLATION_CONNECTION=@@COLLATION_CONNECTION */;
/*!40101 SET NAMES utf8mb4 */;

--
-- 資料庫: `brilliantlife`
--

-- --------------------------------------------------------

--
-- 資料表結構 `admin_menu`
--

CREATE TABLE `admin_menu` (
  `id` int(10) UNSIGNED NOT NULL,
  `parent_id` int(11) NOT NULL DEFAULT '0',
  `order` int(11) NOT NULL DEFAULT '0',
  `title` varchar(50) COLLATE utf8mb4_unicode_ci NOT NULL,
  `icon` varchar(50) COLLATE utf8mb4_unicode_ci NOT NULL,
  `uri` varchar(255) COLLATE utf8mb4_unicode_ci DEFAULT NULL,
  `permission` varchar(255) COLLATE utf8mb4_unicode_ci DEFAULT NULL,
  `created_at` timestamp NULL DEFAULT NULL,
  `updated_at` timestamp NULL DEFAULT NULL
) ENGINE=InnoDB DEFAULT CHARSET=utf8mb4 COLLATE=utf8mb4_unicode_ci;

--
-- 傾印資料表的資料 `admin_menu`
--

INSERT INTO `admin_menu` (`id`, `parent_id`, `order`, `title`, `icon`, `uri`, `permission`, `created_at`, `updated_at`) VALUES
(1, 0, 1, 'Dashboard', 'fa-bar-chart', '/', NULL, NULL, NULL),
(2, 0, 2, 'Admin', 'fa-tasks', '', NULL, NULL, NULL),
(3, 2, 3, 'Users', 'fa-users', 'auth/users', NULL, NULL, NULL),
(4, 2, 4, 'Roles', 'fa-user', 'auth/roles', NULL, NULL, NULL),
(5, 2, 5, 'Permission', 'fa-ban', 'auth/permissions', NULL, NULL, NULL),
(6, 2, 6, 'Menu', 'fa-bars', 'auth/menu', NULL, NULL, NULL),
(7, 2, 7, 'Operation log', 'fa-history', 'auth/logs', NULL, NULL, NULL),
(8, 10, 9, 'Sections', 'fa-bars', 'sections', NULL, '2022-03-23 15:46:05', '2022-03-24 15:51:10'),
(9, 10, 10, 'SectionSliders', 'fa-bars', 'section/sliders', NULL, '2022-03-23 15:46:24', '2022-03-24 15:51:10'),
(10, 0, 8, 'BL', 'fa-bars', NULL, NULL, '2022-03-24 15:51:01', '2022-03-24 15:51:10');

-- --------------------------------------------------------

--
-- 資料表結構 `admin_operation_log`
--

CREATE TABLE `admin_operation_log` (
  `id` int(10) UNSIGNED NOT NULL,
  `user_id` int(11) NOT NULL,
  `path` varchar(255) COLLATE utf8mb4_unicode_ci NOT NULL,
  `method` varchar(10) COLLATE utf8mb4_unicode_ci NOT NULL,
  `ip` varchar(255) COLLATE utf8mb4_unicode_ci NOT NULL,
  `input` text COLLATE utf8mb4_unicode_ci NOT NULL,
  `created_at` timestamp NULL DEFAULT NULL,
  `updated_at` timestamp NULL DEFAULT NULL
) ENGINE=InnoDB DEFAULT CHARSET=utf8mb4 COLLATE=utf8mb4_unicode_ci;

--
-- 傾印資料表的資料 `admin_operation_log`
--

INSERT INTO `admin_operation_log` (`id`, `user_id`, `path`, `method`, `ip`, `input`, `created_at`, `updated_at`) VALUES
(1, 1, 'admin', 'GET', '127.0.0.1', '[]', '2022-03-23 07:07:28', '2022-03-23 07:07:28'),
(2, 1, 'admin', 'GET', '127.0.0.1', '[]', '2022-03-23 15:11:00', '2022-03-23 15:11:00'),
(3, 1, 'admin/sections', 'GET', '127.0.0.1', '[]', '2022-03-23 15:24:54', '2022-03-23 15:24:54'),
(4, 1, 'admin/sections/create', 'GET', '127.0.0.1', '{\"_pjax\":\"#pjax-container\"}', '2022-03-23 15:24:59', '2022-03-23 15:24:59'),
(5, 1, 'admin/sections/create', 'GET', '127.0.0.1', '[]', '2022-03-23 15:27:08', '2022-03-23 15:27:08'),
(6, 1, 'admin/sections/create', 'GET', '127.0.0.1', '[]', '2022-03-23 15:27:10', '2022-03-23 15:27:10'),
(7, 1, 'admin/sections', 'GET', '127.0.0.1', '{\"_pjax\":\"#pjax-container\"}', '2022-03-23 15:27:13', '2022-03-23 15:27:13'),
(8, 1, 'admin/sections/create', 'GET', '127.0.0.1', '{\"_pjax\":\"#pjax-container\"}', '2022-03-23 15:27:15', '2022-03-23 15:27:15'),
(9, 1, 'admin/sections/create', 'GET', '127.0.0.1', '[]', '2022-03-23 15:33:33', '2022-03-23 15:33:33'),
(10, 1, 'admin/sections/create', 'GET', '127.0.0.1', '[]', '2022-03-23 15:41:23', '2022-03-23 15:41:23'),
(11, 1, 'admin/sections', 'GET', '127.0.0.1', '{\"_pjax\":\"#pjax-container\"}', '2022-03-23 15:41:25', '2022-03-23 15:41:25'),
(12, 1, 'admin/sections', 'GET', '127.0.0.1', '[]', '2022-03-23 15:41:26', '2022-03-23 15:41:26'),
(13, 1, 'admin/sections/create', 'GET', '127.0.0.1', '{\"_pjax\":\"#pjax-container\"}', '2022-03-23 15:41:28', '2022-03-23 15:41:28'),
(14, 1, 'admin/sections', 'POST', '127.0.0.1', '{\"title\":\"1\",\"_token\":\"1BMnGblOKchv0klKbp3VKlUFo0lcfTOiEmC2j2Gw\"}', '2022-03-23 15:41:35', '2022-03-23 15:41:35'),
(15, 1, 'admin/sections/create', 'GET', '127.0.0.1', '[]', '2022-03-23 15:41:35', '2022-03-23 15:41:35'),
(16, 1, 'admin/sections', 'POST', '127.0.0.1', '{\"title\":\"1\",\"_token\":\"1BMnGblOKchv0klKbp3VKlUFo0lcfTOiEmC2j2Gw\"}', '2022-03-23 15:43:55', '2022-03-23 15:43:55'),
(17, 1, 'admin/sections', 'GET', '127.0.0.1', '[]', '2022-03-23 15:43:56', '2022-03-23 15:43:56'),
(18, 1, 'admin/sections/create', 'GET', '127.0.0.1', '[]', '2022-03-23 15:44:13', '2022-03-23 15:44:13'),
(19, 1, 'admin/sections', 'POST', '127.0.0.1', '{\"title\":\"2\",\"_token\":\"1BMnGblOKchv0klKbp3VKlUFo0lcfTOiEmC2j2Gw\",\"_previous_\":\"http:\\/\\/brilliantlife.tet:8080\\/admin\\/sections\"}', '2022-03-23 15:44:16', '2022-03-23 15:44:16'),
(20, 1, 'admin/sections', 'GET', '127.0.0.1', '[]', '2022-03-23 15:44:16', '2022-03-23 15:44:16'),
(21, 1, 'admin/sections/create', 'GET', '127.0.0.1', '{\"_pjax\":\"#pjax-container\"}', '2022-03-23 15:44:17', '2022-03-23 15:44:17'),
(22, 1, 'admin/sections', 'POST', '127.0.0.1', '{\"title\":\"3\",\"_token\":\"1BMnGblOKchv0klKbp3VKlUFo0lcfTOiEmC2j2Gw\"}', '2022-03-23 15:44:19', '2022-03-23 15:44:19'),
(23, 1, 'admin/sections', 'GET', '127.0.0.1', '[]', '2022-03-23 15:44:19', '2022-03-23 15:44:19'),
(24, 1, 'admin/sections/create', 'GET', '127.0.0.1', '{\"_pjax\":\"#pjax-container\"}', '2022-03-23 15:44:20', '2022-03-23 15:44:20'),
(25, 1, 'admin/sections', 'POST', '127.0.0.1', '{\"title\":\"4\",\"_token\":\"1BMnGblOKchv0klKbp3VKlUFo0lcfTOiEmC2j2Gw\"}', '2022-03-23 15:44:22', '2022-03-23 15:44:22'),
(26, 1, 'admin/sections', 'GET', '127.0.0.1', '[]', '2022-03-23 15:44:23', '2022-03-23 15:44:23'),
(27, 1, 'admin/sections/create', 'GET', '127.0.0.1', '{\"_pjax\":\"#pjax-container\"}', '2022-03-23 15:44:24', '2022-03-23 15:44:24'),
(28, 1, 'admin/sections', 'POST', '127.0.0.1', '{\"title\":\"5\",\"_token\":\"1BMnGblOKchv0klKbp3VKlUFo0lcfTOiEmC2j2Gw\"}', '2022-03-23 15:44:26', '2022-03-23 15:44:26'),
(29, 1, 'admin/sections', 'GET', '127.0.0.1', '[]', '2022-03-23 15:44:26', '2022-03-23 15:44:26'),
(30, 1, 'admin/sections/create', 'GET', '127.0.0.1', '{\"_pjax\":\"#pjax-container\"}', '2022-03-23 15:44:27', '2022-03-23 15:44:27'),
(31, 1, 'admin/sections', 'POST', '127.0.0.1', '{\"title\":\"6\",\"_token\":\"1BMnGblOKchv0klKbp3VKlUFo0lcfTOiEmC2j2Gw\"}', '2022-03-23 15:44:29', '2022-03-23 15:44:29'),
(32, 1, 'admin/sections', 'GET', '127.0.0.1', '[]', '2022-03-23 15:44:29', '2022-03-23 15:44:29'),
(33, 1, 'admin/sections/create', 'GET', '127.0.0.1', '{\"_pjax\":\"#pjax-container\"}', '2022-03-23 15:44:30', '2022-03-23 15:44:30'),
(34, 1, 'admin/sections', 'POST', '127.0.0.1', '{\"title\":\"7\",\"_token\":\"1BMnGblOKchv0klKbp3VKlUFo0lcfTOiEmC2j2Gw\"}', '2022-03-23 15:44:32', '2022-03-23 15:44:32'),
(35, 1, 'admin/sections', 'GET', '127.0.0.1', '[]', '2022-03-23 15:44:32', '2022-03-23 15:44:32'),
(36, 1, 'admin/sections', 'GET', '127.0.0.1', '[]', '2022-03-23 15:45:33', '2022-03-23 15:45:33'),
(37, 1, 'admin/auth/menu', 'GET', '127.0.0.1', '{\"_pjax\":\"#pjax-container\"}', '2022-03-23 15:45:40', '2022-03-23 15:45:40'),
(38, 1, 'admin/auth/menu', 'POST', '127.0.0.1', '{\"parent_id\":\"0\",\"title\":\"Sections\",\"icon\":\"fa-bars\",\"uri\":\"sections\",\"roles\":[null],\"permission\":null,\"_token\":\"1BMnGblOKchv0klKbp3VKlUFo0lcfTOiEmC2j2Gw\"}', '2022-03-23 15:46:05', '2022-03-23 15:46:05'),
(39, 1, 'admin/auth/menu', 'GET', '127.0.0.1', '[]', '2022-03-23 15:46:05', '2022-03-23 15:46:05'),
(40, 1, 'admin/auth/menu', 'GET', '127.0.0.1', '[]', '2022-03-23 15:46:07', '2022-03-23 15:46:07'),
(41, 1, 'admin/auth/menu', 'GET', '127.0.0.1', '[]', '2022-03-23 15:46:14', '2022-03-23 15:46:14'),
(42, 1, 'admin/auth/menu', 'POST', '127.0.0.1', '{\"parent_id\":\"0\",\"title\":\"Sections\",\"icon\":\"fa-bars\",\"uri\":\"sections\",\"roles\":[null],\"permission\":null,\"_token\":\"1BMnGblOKchv0klKbp3VKlUFo0lcfTOiEmC2j2Gw\"}', '2022-03-23 15:46:24', '2022-03-23 15:46:24'),
(43, 1, 'admin/auth/menu', 'GET', '127.0.0.1', '[]', '2022-03-23 15:46:25', '2022-03-23 15:46:25'),
(44, 1, 'admin/auth/menu/9/edit', 'GET', '127.0.0.1', '{\"_pjax\":\"#pjax-container\"}', '2022-03-23 15:46:31', '2022-03-23 15:46:31'),
(45, 1, 'admin/auth/menu/9', 'PUT', '127.0.0.1', '{\"parent_id\":\"0\",\"title\":\"SectionSliders\",\"icon\":\"fa-bars\",\"uri\":\"section\\/sliders\",\"roles\":[null],\"permission\":null,\"_token\":\"1BMnGblOKchv0klKbp3VKlUFo0lcfTOiEmC2j2Gw\",\"_method\":\"PUT\",\"_previous_\":\"http:\\/\\/brilliantlife.tet:8080\\/admin\\/auth\\/menu\"}', '2022-03-23 15:47:19', '2022-03-23 15:47:19'),
(46, 1, 'admin/auth/menu', 'GET', '127.0.0.1', '[]', '2022-03-23 15:47:19', '2022-03-23 15:47:19'),
(47, 1, 'admin/auth/menu', 'GET', '127.0.0.1', '[]', '2022-03-23 15:47:22', '2022-03-23 15:47:22'),
(48, 1, 'admin/auth/menu', 'POST', '127.0.0.1', '{\"_token\":\"1BMnGblOKchv0klKbp3VKlUFo0lcfTOiEmC2j2Gw\",\"_order\":\"[{\\\"id\\\":1},{\\\"id\\\":2,\\\"children\\\":[{\\\"id\\\":3},{\\\"id\\\":4},{\\\"id\\\":5},{\\\"id\\\":6},{\\\"id\\\":7}]},{\\\"id\\\":8,\\\"children\\\":[{\\\"id\\\":9}]}]\"}', '2022-03-23 15:47:31', '2022-03-23 15:47:31'),
(49, 1, 'admin/auth/menu', 'GET', '127.0.0.1', '{\"_pjax\":\"#pjax-container\"}', '2022-03-23 15:47:32', '2022-03-23 15:47:32'),
(50, 1, 'admin/auth/menu', 'GET', '127.0.0.1', '[]', '2022-03-23 15:47:37', '2022-03-23 15:47:37'),
(51, 1, 'admin/auth/menu', 'POST', '127.0.0.1', '{\"_token\":\"1BMnGblOKchv0klKbp3VKlUFo0lcfTOiEmC2j2Gw\",\"_order\":\"[{\\\"id\\\":1},{\\\"id\\\":2,\\\"children\\\":[{\\\"id\\\":3},{\\\"id\\\":4},{\\\"id\\\":5},{\\\"id\\\":6},{\\\"id\\\":7}]},{\\\"id\\\":8},{\\\"id\\\":9}]\"}', '2022-03-23 15:47:43', '2022-03-23 15:47:43'),
(52, 1, 'admin/auth/menu', 'GET', '127.0.0.1', '{\"_pjax\":\"#pjax-container\"}', '2022-03-23 15:47:43', '2022-03-23 15:47:43'),
(53, 1, 'admin/auth/menu', 'GET', '127.0.0.1', '[]', '2022-03-23 15:47:45', '2022-03-23 15:47:45'),
(54, 1, 'admin/section/sliders', 'GET', '127.0.0.1', '{\"_pjax\":\"#pjax-container\"}', '2022-03-23 15:52:48', '2022-03-23 15:52:48'),
(55, 1, 'admin/sections', 'GET', '127.0.0.1', '{\"_pjax\":\"#pjax-container\"}', '2022-03-23 15:52:50', '2022-03-23 15:52:50'),
(56, 1, 'admin/section/sliders', 'GET', '127.0.0.1', '{\"_pjax\":\"#pjax-container\"}', '2022-03-23 15:52:59', '2022-03-23 15:52:59'),
(57, 1, 'admin/sections', 'GET', '127.0.0.1', '{\"_pjax\":\"#pjax-container\"}', '2022-03-23 15:53:05', '2022-03-23 15:53:05'),
(58, 1, 'admin/section/sliders', 'GET', '127.0.0.1', '{\"_pjax\":\"#pjax-container\"}', '2022-03-23 15:53:07', '2022-03-23 15:53:07'),
(59, 1, 'admin/sections', 'GET', '127.0.0.1', '{\"_pjax\":\"#pjax-container\"}', '2022-03-23 15:53:09', '2022-03-23 15:53:09'),
(60, 1, 'admin/section/sliders', 'GET', '127.0.0.1', '{\"_pjax\":\"#pjax-container\"}', '2022-03-23 15:53:10', '2022-03-23 15:53:10'),
(61, 1, 'admin/section/sliders/create', 'GET', '127.0.0.1', '{\"_pjax\":\"#pjax-container\"}', '2022-03-23 15:54:11', '2022-03-23 15:54:11'),
(62, 1, 'admin/section/sliders/create', 'GET', '127.0.0.1', '[]', '2022-03-23 15:55:17', '2022-03-23 15:55:17'),
(63, 1, 'admin/section/sliders/create', 'GET', '127.0.0.1', '[]', '2022-03-23 15:55:35', '2022-03-23 15:55:35'),
(64, 1, 'admin/section/sliders', 'POST', '127.0.0.1', '{\"alt\":\"\\u52d5\\u7269\\u68ee\",\"display\":\"on\",\"_token\":\"1BMnGblOKchv0klKbp3VKlUFo0lcfTOiEmC2j2Gw\"}', '2022-03-23 15:56:26', '2022-03-23 15:56:26'),
(65, 1, 'admin/section/sliders', 'GET', '127.0.0.1', '[]', '2022-03-23 15:56:26', '2022-03-23 15:56:26'),
(66, 1, 'admin/section/sliders/1/edit', 'GET', '127.0.0.1', '{\"_pjax\":\"#pjax-container\"}', '2022-03-23 15:56:44', '2022-03-23 15:56:44'),
(67, 1, 'admin/section/sliders/1/edit', 'GET', '127.0.0.1', '[]', '2022-03-23 15:57:48', '2022-03-23 15:57:48'),
(68, 1, 'admin/section/sliders/1/edit', 'GET', '127.0.0.1', '[]', '2022-03-23 15:58:16', '2022-03-23 15:58:16'),
(69, 1, 'admin/section/sliders', 'GET', '127.0.0.1', '{\"_pjax\":\"#pjax-container\"}', '2022-03-23 15:58:32', '2022-03-23 15:58:32'),
(70, 1, 'admin/section/sliders', 'GET', '127.0.0.1', '[]', '2022-03-23 15:59:43', '2022-03-23 15:59:43'),
(71, 1, 'admin/section/sliders', 'GET', '127.0.0.1', '[]', '2022-03-23 15:59:59', '2022-03-23 15:59:59'),
(72, 1, 'admin/section/sliders', 'GET', '127.0.0.1', '[]', '2022-03-23 16:00:22', '2022-03-23 16:00:22'),
(73, 1, 'admin/section/sliders', 'GET', '127.0.0.1', '[]', '2022-03-23 16:00:45', '2022-03-23 16:00:45'),
(74, 1, 'admin/section/sliders', 'GET', '127.0.0.1', '[]', '2022-03-23 16:01:59', '2022-03-23 16:01:59'),
(75, 1, 'admin/section/sliders', 'GET', '127.0.0.1', '[]', '2022-03-23 16:04:02', '2022-03-23 16:04:02'),
(76, 1, 'admin/section/sliders', 'GET', '127.0.0.1', '[]', '2022-03-23 16:04:33', '2022-03-23 16:04:33'),
(77, 1, 'admin/section/sliders', 'GET', '127.0.0.1', '[]', '2022-03-23 16:05:13', '2022-03-23 16:05:13'),
(78, 1, 'admin/section/sliders', 'GET', '127.0.0.1', '[]', '2022-03-23 16:05:16', '2022-03-23 16:05:16'),
(79, 1, 'admin/section/sliders', 'GET', '127.0.0.1', '[]', '2022-03-23 16:05:29', '2022-03-23 16:05:29'),
(80, 1, 'admin/section/sliders', 'GET', '127.0.0.1', '[]', '2022-03-23 16:05:53', '2022-03-23 16:05:53'),
(81, 1, 'admin/section/sliders', 'GET', '127.0.0.1', '[]', '2022-03-23 16:06:01', '2022-03-23 16:06:01'),
(82, 1, 'admin/section/sliders', 'GET', '127.0.0.1', '[]', '2022-03-23 16:06:06', '2022-03-23 16:06:06'),
(83, 1, 'admin/section/sliders', 'GET', '127.0.0.1', '[]', '2022-03-23 16:06:17', '2022-03-23 16:06:17'),
(84, 1, 'admin/section/sliders', 'GET', '127.0.0.1', '[]', '2022-03-23 16:06:31', '2022-03-23 16:06:31'),
(85, 1, 'admin/section/sliders', 'GET', '127.0.0.1', '[]', '2022-03-23 16:07:44', '2022-03-23 16:07:44'),
(86, 1, 'admin/section/sliders', 'GET', '127.0.0.1', '[]', '2022-03-23 16:08:14', '2022-03-23 16:08:14'),
(87, 1, 'admin/section/sliders', 'GET', '127.0.0.1', '[]', '2022-03-23 16:11:28', '2022-03-23 16:11:28'),
(88, 1, 'admin/section/sliders', 'GET', '127.0.0.1', '[]', '2022-03-23 16:12:15', '2022-03-23 16:12:15'),
(89, 1, 'admin/section/sliders/1', 'PUT', '127.0.0.1', '{\"display\":\"0\",\"_token\":\"1BMnGblOKchv0klKbp3VKlUFo0lcfTOiEmC2j2Gw\",\"_method\":\"PUT\",\"_edit_inline\":\"true\"}', '2022-03-23 16:12:41', '2022-03-23 16:12:41'),
(90, 1, 'admin/section/sliders/1', 'PUT', '127.0.0.1', '{\"display\":\"1\",\"_token\":\"1BMnGblOKchv0klKbp3VKlUFo0lcfTOiEmC2j2Gw\",\"_method\":\"PUT\",\"_edit_inline\":\"true\"}', '2022-03-23 16:12:42', '2022-03-23 16:12:42'),
(91, 1, 'admin/section/sliders', 'GET', '127.0.0.1', '[]', '2022-03-23 16:31:55', '2022-03-23 16:31:55'),
(92, 1, 'admin/section/sliders', 'GET', '127.0.0.1', '[]', '2022-03-23 16:32:07', '2022-03-23 16:32:07'),
(93, 1, 'admin/section/sliders', 'GET', '127.0.0.1', '[]', '2022-03-23 16:32:19', '2022-03-23 16:32:19'),
(94, 1, 'admin/section/sliders', 'GET', '127.0.0.1', '[]', '2022-03-23 16:33:39', '2022-03-23 16:33:39'),
(95, 1, 'admin/section/sliders', 'GET', '127.0.0.1', '[]', '2022-03-23 16:37:14', '2022-03-23 16:37:14'),
(96, 1, 'admin/section/sliders', 'GET', '127.0.0.1', '[]', '2022-03-23 16:37:17', '2022-03-23 16:37:17'),
(97, 1, 'admin/section/sliders', 'GET', '127.0.0.1', '[]', '2022-03-23 16:37:54', '2022-03-23 16:37:54'),
(98, 1, 'admin/section/sliders', 'GET', '127.0.0.1', '[]', '2022-03-23 16:38:05', '2022-03-23 16:38:05'),
(99, 1, 'admin/section/sliders/create', 'GET', '127.0.0.1', '{\"_pjax\":\"#pjax-container\"}', '2022-03-23 16:38:15', '2022-03-23 16:38:15'),
(100, 1, 'admin/section/sliders', 'POST', '127.0.0.1', '{\"alt\":\"sss2\",\"display\":\"on\",\"_token\":\"1BMnGblOKchv0klKbp3VKlUFo0lcfTOiEmC2j2Gw\",\"_previous_\":\"http:\\/\\/brilliantlife.tet:8080\\/admin\\/section\\/sliders\"}', '2022-03-23 16:38:28', '2022-03-23 16:38:28'),
(101, 1, 'admin/section/sliders', 'GET', '127.0.0.1', '[]', '2022-03-23 16:38:29', '2022-03-23 16:38:29'),
(102, 1, 'admin/_grid-sortable_', 'POST', '127.0.0.1', '{\"_token\":\"1BMnGblOKchv0klKbp3VKlUFo0lcfTOiEmC2j2Gw\",\"_model\":\"App\\\\Models\\\\SectionSlider\",\"_sort\":[{\"sort\":\"1\",\"key\":\"2\"},{\"sort\":\"0\",\"key\":\"1\"}]}', '2022-03-23 16:38:33', '2022-03-23 16:38:33'),
(103, 1, 'admin/section/sliders', 'GET', '127.0.0.1', '{\"_pjax\":\"#pjax-container\"}', '2022-03-23 16:38:33', '2022-03-23 16:38:33'),
(104, 1, 'admin/section/sliders', 'GET', '127.0.0.1', '[]', '2022-03-23 16:45:24', '2022-03-23 16:45:24'),
(105, 1, 'admin/section/sliders', 'GET', '127.0.0.1', '[]', '2022-03-23 16:45:40', '2022-03-23 16:45:40'),
(106, 1, 'admin/section/sliders', 'GET', '127.0.0.1', '[]', '2022-03-23 16:45:50', '2022-03-23 16:45:50'),
(107, 1, 'admin/section/sliders/create', 'GET', '127.0.0.1', '{\"_pjax\":\"#pjax-container\"}', '2022-03-23 16:45:55', '2022-03-23 16:45:55'),
(108, 1, 'admin/section/sliders', 'GET', '127.0.0.1', '[]', '2022-03-23 16:45:56', '2022-03-23 16:45:56'),
(109, 1, 'admin/section/sliders', 'GET', '127.0.0.1', '[]', '2022-03-23 16:46:07', '2022-03-23 16:46:07'),
(110, 1, 'admin/section/sliders/create', 'GET', '127.0.0.1', '{\"_pjax\":\"#pjax-container\"}', '2022-03-23 16:46:09', '2022-03-23 16:46:09'),
(111, 1, 'admin/section/sliders', 'POST', '127.0.0.1', '{\"alt\":\"33\",\"display\":\"on\",\"_token\":\"1BMnGblOKchv0klKbp3VKlUFo0lcfTOiEmC2j2Gw\",\"_previous_\":\"http:\\/\\/brilliantlife.tet:8080\\/admin\\/section\\/sliders\"}', '2022-03-23 16:47:04', '2022-03-23 16:47:04'),
(112, 1, 'admin/section/sliders/create', 'GET', '127.0.0.1', '[]', '2022-03-23 16:47:04', '2022-03-23 16:47:04'),
(113, 1, 'admin/section/sliders/create', 'GET', '127.0.0.1', '[]', '2022-03-23 16:48:12', '2022-03-23 16:48:12'),
(114, 1, 'admin/section/sliders', 'POST', '127.0.0.1', '{\"section\":\"2\",\"alt\":\"222\",\"display\":\"on\",\"_token\":\"1BMnGblOKchv0klKbp3VKlUFo0lcfTOiEmC2j2Gw\",\"_previous_\":\"http:\\/\\/brilliantlife.tet:8080\\/admin\\/section\\/sliders\"}', '2022-03-23 16:48:26', '2022-03-23 16:48:26'),
(115, 1, 'admin/section/sliders/create', 'GET', '127.0.0.1', '[]', '2022-03-23 16:48:27', '2022-03-23 16:48:27'),
(116, 1, 'admin/section/sliders/create', 'GET', '127.0.0.1', '[]', '2022-03-23 16:48:34', '2022-03-23 16:48:34'),
(117, 1, 'admin/section/sliders', 'POST', '127.0.0.1', '{\"section_id\":\"2\",\"alt\":\"222\",\"display\":\"on\",\"_token\":\"1BMnGblOKchv0klKbp3VKlUFo0lcfTOiEmC2j2Gw\"}', '2022-03-23 16:48:42', '2022-03-23 16:48:42'),
(118, 1, 'admin/section/sliders', 'GET', '127.0.0.1', '[]', '2022-03-23 16:48:43', '2022-03-23 16:48:43'),
(119, 1, 'admin/section/sliders', 'GET', '127.0.0.1', '[]', '2022-03-23 16:53:18', '2022-03-23 16:53:18'),
(120, 1, 'admin/section/sliders', 'GET', '127.0.0.1', '[]', '2022-03-23 16:53:40', '2022-03-23 16:53:40'),
(121, 1, 'admin/section/sliders', 'GET', '127.0.0.1', '{\"section\":{\"title\":\"2\"},\"_pjax\":\"#pjax-container\"}', '2022-03-23 16:53:44', '2022-03-23 16:53:44'),
(122, 1, 'admin/section/sliders', 'GET', '127.0.0.1', '{\"section\":{\"title\":\"2\"}}', '2022-03-23 16:53:53', '2022-03-23 16:53:53'),
(123, 1, 'admin/section/sliders', 'GET', '127.0.0.1', '{\"section\":{\"title\":\"2\",\"id\":\"2\"},\"_pjax\":\"#pjax-container\"}', '2022-03-23 16:53:57', '2022-03-23 16:53:57'),
(124, 1, 'admin/section/sliders', 'GET', '127.0.0.1', '{\"section\":{\"title\":\"2\",\"id\":\"1\"},\"_pjax\":\"#pjax-container\"}', '2022-03-23 16:54:04', '2022-03-23 16:54:04'),
(125, 1, 'admin/section/sliders', 'GET', '127.0.0.1', '{\"section\":{\"title\":\"2\",\"id\":\"1\"}}', '2022-03-23 16:54:51', '2022-03-23 16:54:51'),
(126, 1, 'admin/_grid-sortable_', 'POST', '127.0.0.1', '{\"_token\":\"1BMnGblOKchv0klKbp3VKlUFo0lcfTOiEmC2j2Gw\",\"_model\":\"App\\\\Models\\\\SectionSlider\",\"_sort\":[{\"sortable.preventClickEvent\":\"true\",\"sort\":\"0\",\"key\":\"2\"},{\"sort\":\"0\",\"key\":\"1\"}]}', '2022-03-23 16:54:57', '2022-03-23 16:54:57'),
(127, 1, 'admin/section/sliders', 'GET', '127.0.0.1', '{\"section\":{\"title\":\"2\",\"id\":\"1\"},\"_pjax\":\"#pjax-container\"}', '2022-03-23 16:54:58', '2022-03-23 16:54:58'),
(128, 1, 'admin/_grid-sortable_', 'POST', '127.0.0.1', '{\"_token\":\"1BMnGblOKchv0klKbp3VKlUFo0lcfTOiEmC2j2Gw\",\"_model\":\"App\\\\Models\\\\SectionSlider\",\"_sort\":[{\"sort\":\"0\",\"key\":\"2\"},{\"sort\":\"0\",\"key\":\"1\"}]}', '2022-03-23 16:55:05', '2022-03-23 16:55:05'),
(129, 1, 'admin/section/sliders', 'GET', '127.0.0.1', '{\"section\":{\"title\":\"2\",\"id\":\"1\"},\"_pjax\":\"#pjax-container\"}', '2022-03-23 16:55:05', '2022-03-23 16:55:05'),
(130, 1, 'admin/section/sliders', 'GET', '127.0.0.1', '{\"section\":{\"title\":\"2\",\"id\":\"1\"}}', '2022-03-23 16:55:07', '2022-03-23 16:55:07'),
(131, 1, 'admin/_grid-sortable_', 'POST', '127.0.0.1', '{\"_token\":\"1BMnGblOKchv0klKbp3VKlUFo0lcfTOiEmC2j2Gw\",\"_model\":\"App\\\\Models\\\\SectionSlider\",\"_sort\":[{\"sortable.preventClickEvent\":\"true\",\"sort\":\"0\",\"key\":\"2\"},{\"sort\":\"0\",\"key\":\"1\"}]}', '2022-03-23 16:55:11', '2022-03-23 16:55:11'),
(132, 1, 'admin/section/sliders', 'GET', '127.0.0.1', '{\"section\":{\"title\":\"2\",\"id\":\"1\"},\"_pjax\":\"#pjax-container\"}', '2022-03-23 16:55:12', '2022-03-23 16:55:12'),
(133, 1, 'admin/section/sliders', 'GET', '127.0.0.1', '{\"section\":{\"title\":\"2\"},\"_pjax\":\"#pjax-container\"}', '2022-03-23 16:55:14', '2022-03-23 16:55:14'),
(134, 1, 'admin/_grid-sortable_', 'POST', '127.0.0.1', '{\"_token\":\"1BMnGblOKchv0klKbp3VKlUFo0lcfTOiEmC2j2Gw\",\"_model\":\"App\\\\Models\\\\SectionSlider\",\"_sort\":[{\"sort\":\"0\",\"key\":\"2\"},{\"sort\":\"0\",\"key\":\"1\"},{\"sort\":\"0\",\"key\":\"3\"}]}', '2022-03-23 16:55:17', '2022-03-23 16:55:17'),
(135, 1, 'admin/section/sliders', 'GET', '127.0.0.1', '{\"section\":{\"title\":\"2\"},\"_pjax\":\"#pjax-container\"}', '2022-03-23 16:55:17', '2022-03-23 16:55:17'),
(136, 1, 'admin/section/sliders', 'GET', '127.0.0.1', '{\"section\":{\"title\":\"2\"}}', '2022-03-23 16:55:23', '2022-03-23 16:55:23'),
(137, 1, 'admin/_grid-sortable_', 'POST', '127.0.0.1', '{\"_token\":\"1BMnGblOKchv0klKbp3VKlUFo0lcfTOiEmC2j2Gw\",\"_model\":\"App\\\\Models\\\\SectionSlider\",\"_sort\":[{\"sort\":\"0\",\"key\":\"3\"},{\"sort\":\"0\",\"key\":\"1\"},{\"sort\":\"0\",\"key\":\"2\"}]}', '2022-03-23 16:55:26', '2022-03-23 16:55:26'),
(138, 1, 'admin/section/sliders', 'GET', '127.0.0.1', '{\"section\":{\"title\":\"2\"},\"_pjax\":\"#pjax-container\"}', '2022-03-23 16:55:27', '2022-03-23 16:55:27'),
(139, 1, 'admin/section/sliders', 'GET', '127.0.0.1', '{\"section\":{\"title\":\"2\"}}', '2022-03-23 16:55:34', '2022-03-23 16:55:34'),
(140, 1, 'admin/_grid-sortable_', 'POST', '127.0.0.1', '{\"_token\":\"1BMnGblOKchv0klKbp3VKlUFo0lcfTOiEmC2j2Gw\",\"_model\":\"App\\\\Models\\\\SectionSlider\",\"_sort\":[{\"sort\":\"0\",\"key\":\"3\"},{\"sort\":\"0\",\"key\":\"1\"},{\"sort\":\"0\",\"key\":\"2\"}]}', '2022-03-23 16:55:37', '2022-03-23 16:55:37'),
(141, 1, 'admin/section/sliders', 'GET', '127.0.0.1', '{\"section\":{\"title\":\"2\"},\"_pjax\":\"#pjax-container\"}', '2022-03-23 16:55:38', '2022-03-23 16:55:38'),
(142, 1, 'admin/section/sliders', 'GET', '127.0.0.1', '[]', '2022-03-23 16:55:43', '2022-03-23 16:55:43'),
(143, 1, 'admin/_grid-sortable_', 'POST', '127.0.0.1', '{\"_token\":\"1BMnGblOKchv0klKbp3VKlUFo0lcfTOiEmC2j2Gw\",\"_model\":\"App\\\\Models\\\\SectionSlider\",\"_sort\":[{\"sort\":\"0\",\"key\":\"1\"},{\"sort\":\"0\",\"key\":\"3\"},{\"sort\":\"0\",\"key\":\"2\"}]}', '2022-03-23 16:55:48', '2022-03-23 16:55:48'),
(144, 1, 'admin/section/sliders', 'GET', '127.0.0.1', '{\"_pjax\":\"#pjax-container\"}', '2022-03-23 16:55:48', '2022-03-23 16:55:48'),
(145, 1, 'admin/_grid-sortable_', 'POST', '127.0.0.1', '{\"_token\":\"1BMnGblOKchv0klKbp3VKlUFo0lcfTOiEmC2j2Gw\",\"_model\":\"App\\\\Models\\\\SectionSlider\",\"_sort\":[{\"sortable.preventClickEvent\":\"true\",\"sort\":\"0\",\"key\":\"2\"},{\"sort\":\"0\",\"key\":\"1\"},{\"sort\":\"0\",\"key\":\"3\"}]}', '2022-03-23 16:56:37', '2022-03-23 16:56:37'),
(146, 1, 'admin/section/sliders', 'GET', '127.0.0.1', '{\"_pjax\":\"#pjax-container\"}', '2022-03-23 16:56:38', '2022-03-23 16:56:38'),
(147, 1, 'admin/section/sliders', 'GET', '127.0.0.1', '[]', '2022-03-23 16:56:42', '2022-03-23 16:56:42'),
(148, 1, 'admin/_grid-sortable_', 'POST', '127.0.0.1', '{\"_token\":\"1BMnGblOKchv0klKbp3VKlUFo0lcfTOiEmC2j2Gw\",\"_model\":\"App\\\\Models\\\\SectionSlider\",\"_sort\":[{\"sort\":\"0\",\"key\":\"3\"},{\"sort\":\"0\",\"key\":\"1\"},{\"sort\":\"0\",\"key\":\"2\"}]}', '2022-03-23 16:56:46', '2022-03-23 16:56:46'),
(149, 1, 'admin/section/sliders', 'GET', '127.0.0.1', '{\"_pjax\":\"#pjax-container\"}', '2022-03-23 16:56:46', '2022-03-23 16:56:46'),
(150, 1, 'admin/section/sliders', 'GET', '127.0.0.1', '[]', '2022-03-23 16:57:05', '2022-03-23 16:57:05'),
(151, 1, 'admin/_grid-sortable_', 'POST', '127.0.0.1', '{\"_token\":\"1BMnGblOKchv0klKbp3VKlUFo0lcfTOiEmC2j2Gw\",\"_model\":\"App\\\\Models\\\\SectionSlider\",\"_sort\":[{\"sort\":\"1\",\"key\":\"2\"},{\"sort\":\"0\",\"key\":\"1\"},{\"sort\":\"2\",\"key\":\"3\"}]}', '2022-03-23 16:57:08', '2022-03-23 16:57:08'),
(152, 1, 'admin/section/sliders', 'GET', '127.0.0.1', '{\"_pjax\":\"#pjax-container\"}', '2022-03-23 16:57:09', '2022-03-23 16:57:09'),
(153, 1, 'admin/section/sliders', 'GET', '127.0.0.1', '{\"_pjax\":\"#pjax-container\"}', '2022-03-23 16:57:28', '2022-03-23 16:57:28'),
(154, 1, 'admin/_grid-sortable_', 'POST', '127.0.0.1', '{\"_token\":\"1BMnGblOKchv0klKbp3VKlUFo0lcfTOiEmC2j2Gw\",\"_model\":\"App\\\\Models\\\\SectionSlider\",\"_sort\":[{\"sort\":\"2\",\"key\":\"3\"},{\"sort\":\"0\",\"key\":\"2\"},{\"sort\":\"1\",\"key\":\"1\"}]}', '2022-03-23 16:57:32', '2022-03-23 16:57:32'),
(155, 1, 'admin/section/sliders', 'GET', '127.0.0.1', '{\"_pjax\":\"#pjax-container\"}', '2022-03-23 16:57:33', '2022-03-23 16:57:33'),
(156, 1, 'admin/section/sliders', 'GET', '127.0.0.1', '{\"_pjax\":\"#pjax-container\",\"section\":{\"id\":\"1\"}}', '2022-03-23 16:57:37', '2022-03-23 16:57:37'),
(157, 1, 'admin/_grid-sortable_', 'POST', '127.0.0.1', '{\"_token\":\"1BMnGblOKchv0klKbp3VKlUFo0lcfTOiEmC2j2Gw\",\"_model\":\"App\\\\Models\\\\SectionSlider\",\"_sort\":[{\"sort\":\"2\",\"key\":\"1\"},{\"sort\":\"1\",\"key\":\"2\"}]}', '2022-03-23 16:57:45', '2022-03-23 16:57:45'),
(158, 1, 'admin/section/sliders', 'GET', '127.0.0.1', '{\"section\":{\"id\":\"1\"},\"_pjax\":\"#pjax-container\"}', '2022-03-23 16:57:45', '2022-03-23 16:57:45'),
(159, 1, 'admin', 'GET', '127.0.0.1', '[]', '2022-03-24 13:17:58', '2022-03-24 13:17:58'),
(160, 1, 'admin', 'GET', '127.0.0.1', '{\"_pjax\":\"#pjax-container\"}', '2022-03-24 13:18:14', '2022-03-24 13:18:14'),
(161, 1, 'admin', 'GET', '127.0.0.1', '[]', '2022-03-24 13:20:14', '2022-03-24 13:20:14'),
(162, 1, 'admin', 'GET', '127.0.0.1', '[]', '2022-03-24 13:20:34', '2022-03-24 13:20:34'),
(163, 1, 'admin', 'GET', '127.0.0.1', '[]', '2022-03-24 13:22:16', '2022-03-24 13:22:16'),
(164, 1, 'admin', 'GET', '127.0.0.1', '[]', '2022-03-24 13:22:50', '2022-03-24 13:22:50'),
(165, 1, 'admin', 'GET', '127.0.0.1', '[]', '2022-03-24 13:23:34', '2022-03-24 13:23:34'),
(166, 1, 'admin', 'GET', '127.0.0.1', '[]', '2022-03-24 13:24:15', '2022-03-24 13:24:15'),
(167, 1, 'admin', 'GET', '127.0.0.1', '[]', '2022-03-24 13:24:22', '2022-03-24 13:24:22'),
(168, 1, 'admin/sections', 'GET', '127.0.0.1', '[]', '2022-03-24 13:25:37', '2022-03-24 13:25:37'),
(169, 1, 'admin', 'GET', '127.0.0.1', '[]', '2022-03-24 13:26:15', '2022-03-24 13:26:15'),
(170, 1, 'admin', 'GET', '127.0.0.1', '[]', '2022-03-24 13:26:26', '2022-03-24 13:26:26'),
(171, 1, 'admin', 'GET', '127.0.0.1', '[]', '2022-03-24 13:26:39', '2022-03-24 13:26:39'),
(172, 1, 'admin', 'GET', '127.0.0.1', '[]', '2022-03-24 13:30:01', '2022-03-24 13:30:01'),
(173, 1, 'admin', 'GET', '127.0.0.1', '[]', '2022-03-24 13:30:41', '2022-03-24 13:30:41'),
(174, 1, 'admin', 'GET', '127.0.0.1', '[]', '2022-03-24 13:31:37', '2022-03-24 13:31:37'),
(175, 1, 'admin', 'GET', '127.0.0.1', '[]', '2022-03-24 13:32:59', '2022-03-24 13:32:59'),
(176, 1, 'admin/_grid-sortable_', 'POST', '127.0.0.1', '{\"_token\":\"uE83t2p7zqU4V3VAIIvEjwQl7sCu28qEhvTSucuK\",\"_model\":\"App\\\\Models\\\\SectionSlider\",\"_sort\":[{\"sort\":\"2\",\"key\":\"2\"},{\"sort\":\"1\",\"key\":\"1\"}]}', '2022-03-24 13:33:12', '2022-03-24 13:33:12'),
(177, 1, 'admin', 'GET', '127.0.0.1', '{\"_pjax\":\"#pjax-container\"}', '2022-03-24 13:33:13', '2022-03-24 13:33:13'),
(178, 1, 'admin/_grid-sortable_', 'POST', '127.0.0.1', '{\"_token\":\"uE83t2p7zqU4V3VAIIvEjwQl7sCu28qEhvTSucuK\",\"_model\":\"App\\\\Models\\\\SectionSlider\",\"_sort\":[{\"sort\":\"1\",\"key\":\"2\"},{\"sort\":\"2\",\"key\":\"1\"}]}', '2022-03-24 13:33:20', '2022-03-24 13:33:20'),
(179, 1, 'admin', 'GET', '127.0.0.1', '{\"_pjax\":\"#pjax-container\"}', '2022-03-24 13:33:20', '2022-03-24 13:33:20'),
(180, 1, 'admin', 'GET', '127.0.0.1', '[]', '2022-03-24 13:33:21', '2022-03-24 13:33:21'),
(181, 1, 'admin', 'GET', '127.0.0.1', '[]', '2022-03-24 13:35:14', '2022-03-24 13:35:14'),
(182, 1, 'admin', 'GET', '127.0.0.1', '[]', '2022-03-24 13:35:17', '2022-03-24 13:35:17'),
(183, 1, 'admin', 'GET', '127.0.0.1', '[]', '2022-03-24 13:35:27', '2022-03-24 13:35:27'),
(184, 1, 'admin', 'GET', '127.0.0.1', '[]', '2022-03-24 13:37:37', '2022-03-24 13:37:37'),
(185, 1, 'admin', 'GET', '127.0.0.1', '[]', '2022-03-24 13:40:54', '2022-03-24 13:40:54'),
(186, 1, 'admin', 'GET', '127.0.0.1', '[]', '2022-03-24 13:41:06', '2022-03-24 13:41:06'),
(187, 1, 'admin/_handle_action_', 'POST', '127.0.0.1', '{\"_key\":\"2\",\"_model\":\"App_Models_SectionSlider\",\"_token\":\"uE83t2p7zqU4V3VAIIvEjwQl7sCu28qEhvTSucuK\",\"_action\":\"Encore_Admin_Grid_Actions_Delete\",\"_input\":\"true\"}', '2022-03-24 13:41:35', '2022-03-24 13:41:35'),
(188, 1, 'admin', 'GET', '127.0.0.1', '{\"_pjax\":\"#pjax-container\"}', '2022-03-24 13:41:36', '2022-03-24 13:41:36'),
(189, 1, 'admin', 'GET', '127.0.0.1', '[]', '2022-03-24 13:41:55', '2022-03-24 13:41:55'),
(190, 1, 'admin/section/sliders', 'GET', '127.0.0.1', '[]', '2022-03-24 13:47:43', '2022-03-24 13:47:43'),
(191, 1, 'admin/section/sliders/3/edit', 'GET', '127.0.0.1', '{\"_pjax\":\"#pjax-container\"}', '2022-03-24 13:47:46', '2022-03-24 13:47:46'),
(192, 1, 'admin', 'GET', '127.0.0.1', '[]', '2022-03-24 13:50:43', '2022-03-24 13:50:43'),
(193, 1, 'admin', 'GET', '127.0.0.1', '[]', '2022-03-24 13:51:07', '2022-03-24 13:51:07'),
(194, 1, 'admin', 'GET', '127.0.0.1', '[]', '2022-03-24 13:51:15', '2022-03-24 13:51:15'),
(195, 1, 'admin', 'GET', '127.0.0.1', '[]', '2022-03-24 13:52:40', '2022-03-24 13:52:40'),
(196, 1, 'admin', 'GET', '127.0.0.1', '[]', '2022-03-24 13:52:46', '2022-03-24 13:52:46'),
(197, 1, 'admin', 'GET', '127.0.0.1', '[]', '2022-03-24 13:53:24', '2022-03-24 13:53:24'),
(198, 1, 'admin', 'GET', '127.0.0.1', '[]', '2022-03-24 13:58:01', '2022-03-24 13:58:01'),
(199, 1, 'admin', 'GET', '127.0.0.1', '[]', '2022-03-24 13:58:44', '2022-03-24 13:58:44'),
(200, 1, 'admin', 'GET', '127.0.0.1', '[]', '2022-03-24 13:59:14', '2022-03-24 13:59:14'),
(201, 1, 'admin', 'GET', '127.0.0.1', '[]', '2022-03-24 14:14:43', '2022-03-24 14:14:43'),
(202, 1, 'admin', 'GET', '127.0.0.1', '[]', '2022-03-24 14:14:50', '2022-03-24 14:14:50'),
(203, 1, 'admin', 'GET', '127.0.0.1', '[]', '2022-03-24 14:18:07', '2022-03-24 14:18:07'),
(204, 1, 'admin', 'GET', '127.0.0.1', '[]', '2022-03-24 14:18:16', '2022-03-24 14:18:16'),
(205, 1, 'admin', 'GET', '127.0.0.1', '[]', '2022-03-24 14:18:33', '2022-03-24 14:18:33'),
(206, 1, 'admin', 'GET', '127.0.0.1', '[]', '2022-03-24 14:20:20', '2022-03-24 14:20:20'),
(207, 1, 'admin', 'GET', '127.0.0.1', '[]', '2022-03-24 14:20:34', '2022-03-24 14:20:34'),
(208, 1, 'admin', 'GET', '127.0.0.1', '[]', '2022-03-24 14:20:52', '2022-03-24 14:20:52'),
(209, 1, 'admin', 'GET', '127.0.0.1', '[]', '2022-03-24 14:21:22', '2022-03-24 14:21:22'),
(210, 1, 'admin', 'GET', '127.0.0.1', '[]', '2022-03-24 14:22:30', '2022-03-24 14:22:30'),
(211, 1, 'admin', 'GET', '127.0.0.1', '[]', '2022-03-24 14:23:02', '2022-03-24 14:23:02'),
(212, 1, 'admin', 'GET', '127.0.0.1', '[]', '2022-03-24 14:23:26', '2022-03-24 14:23:26'),
(213, 1, 'admin', 'GET', '127.0.0.1', '[]', '2022-03-24 14:23:54', '2022-03-24 14:23:54'),
(214, 1, 'admin', 'GET', '127.0.0.1', '[]', '2022-03-24 14:24:38', '2022-03-24 14:24:38'),
(215, 1, 'admin', 'GET', '127.0.0.1', '[]', '2022-03-24 14:25:08', '2022-03-24 14:25:08'),
(216, 1, 'admin', 'GET', '127.0.0.1', '[]', '2022-03-24 14:25:27', '2022-03-24 14:25:27'),
(217, 1, 'admin', 'GET', '127.0.0.1', '[]', '2022-03-24 14:25:48', '2022-03-24 14:25:48'),
(218, 1, 'admin', 'GET', '127.0.0.1', '[]', '2022-03-24 14:26:16', '2022-03-24 14:26:16'),
(219, 1, 'admin', 'GET', '127.0.0.1', '[]', '2022-03-24 14:26:21', '2022-03-24 14:26:21'),
(220, 1, 'admin', 'GET', '127.0.0.1', '[]', '2022-03-24 14:26:23', '2022-03-24 14:26:23'),
(221, 1, 'admin', 'GET', '127.0.0.1', '[]', '2022-03-24 14:26:57', '2022-03-24 14:26:57'),
(222, 1, 'admin', 'GET', '127.0.0.1', '[]', '2022-03-24 14:27:42', '2022-03-24 14:27:42'),
(223, 1, 'admin', 'GET', '127.0.0.1', '[]', '2022-03-24 14:27:46', '2022-03-24 14:27:46'),
(224, 1, 'admin', 'GET', '127.0.0.1', '[]', '2022-03-24 14:27:54', '2022-03-24 14:27:54'),
(225, 1, 'admin', 'GET', '127.0.0.1', '[]', '2022-03-24 14:28:05', '2022-03-24 14:28:05'),
(226, 1, 'admin', 'GET', '127.0.0.1', '[]', '2022-03-24 14:29:13', '2022-03-24 14:29:13'),
(227, 1, 'admin', 'GET', '127.0.0.1', '[]', '2022-03-24 14:29:23', '2022-03-24 14:29:23'),
(228, 1, 'admin', 'GET', '127.0.0.1', '[]', '2022-03-24 14:29:26', '2022-03-24 14:29:26'),
(229, 1, 'admin', 'GET', '127.0.0.1', '[]', '2022-03-24 14:29:56', '2022-03-24 14:29:56'),
(230, 1, 'admin', 'GET', '127.0.0.1', '[]', '2022-03-24 14:33:42', '2022-03-24 14:33:42'),
(231, 1, 'admin', 'GET', '127.0.0.1', '[]', '2022-03-24 14:40:31', '2022-03-24 14:40:31'),
(232, 1, 'admin', 'GET', '127.0.0.1', '[]', '2022-03-24 14:40:59', '2022-03-24 14:40:59'),
(233, 1, 'admin', 'GET', '127.0.0.1', '[]', '2022-03-24 14:41:26', '2022-03-24 14:41:26'),
(234, 1, 'admin', 'GET', '127.0.0.1', '[]', '2022-03-24 14:41:56', '2022-03-24 14:41:56'),
(235, 1, 'admin', 'GET', '127.0.0.1', '[]', '2022-03-24 14:45:38', '2022-03-24 14:45:38'),
(236, 1, 'admin', 'GET', '127.0.0.1', '[]', '2022-03-24 14:45:59', '2022-03-24 14:45:59'),
(237, 1, 'admin', 'GET', '127.0.0.1', '[]', '2022-03-24 14:46:07', '2022-03-24 14:46:07'),
(238, 1, 'admin', 'GET', '127.0.0.1', '[]', '2022-03-24 14:46:11', '2022-03-24 14:46:11'),
(239, 1, 'admin/auth/menu', 'GET', '127.0.0.1', '[]', '2022-03-24 14:48:43', '2022-03-24 14:48:43'),
(240, 1, 'admin/auth/menu', 'GET', '127.0.0.1', '[]', '2022-03-24 14:50:37', '2022-03-24 14:50:37'),
(241, 1, 'admin', 'GET', '127.0.0.1', '{\"_pjax\":\"#pjax-container\"}', '2022-03-24 14:50:39', '2022-03-24 14:50:39'),
(242, 1, 'admin', 'GET', '127.0.0.1', '[]', '2022-03-24 14:51:37', '2022-03-24 14:51:37'),
(243, 1, 'admin', 'GET', '127.0.0.1', '[]', '2022-03-24 14:52:55', '2022-03-24 14:52:55'),
(244, 1, 'admin', 'GET', '127.0.0.1', '[]', '2022-03-24 14:53:08', '2022-03-24 14:53:08'),
(245, 1, 'admin', 'GET', '127.0.0.1', '[]', '2022-03-24 14:53:13', '2022-03-24 14:53:13'),
(246, 1, 'admin/sections/1/edit', 'GET', '127.0.0.1', '{\"_pjax\":\"#pjax-container\"}', '2022-03-24 14:55:07', '2022-03-24 14:55:07'),
(247, 1, 'admin', 'GET', '127.0.0.1', '{\"_pjax\":\"#pjax-container\"}', '2022-03-24 14:55:09', '2022-03-24 14:55:09'),
(248, 1, 'admin/sections', 'GET', '127.0.0.1', '[]', '2022-03-24 14:55:32', '2022-03-24 14:55:32'),
(249, 1, 'admin/sections/1/edit', 'GET', '127.0.0.1', '{\"_pjax\":\"#pjax-container\"}', '2022-03-24 14:55:40', '2022-03-24 14:55:40'),
(250, 1, 'admin/sections/1', 'PUT', '127.0.0.1', '{\"title\":\"\\u6843\\u5712\\u5e02\\u5fc3\",\"_token\":\"uE83t2p7zqU4V3VAIIvEjwQl7sCu28qEhvTSucuK\",\"_method\":\"PUT\"}', '2022-03-24 14:55:43', '2022-03-24 14:55:43'),
(251, 1, 'admin/sections', 'GET', '127.0.0.1', '[]', '2022-03-24 14:55:44', '2022-03-24 14:55:44'),
(252, 1, 'admin/sections/1/edit', 'GET', '127.0.0.1', '{\"_pjax\":\"#pjax-container\"}', '2022-03-24 14:55:51', '2022-03-24 14:55:51'),
(253, 1, 'admin', 'GET', '127.0.0.1', '{\"_pjax\":\"#pjax-container\"}', '2022-03-24 14:55:53', '2022-03-24 14:55:53'),
(254, 1, 'admin/sections/2/edit', 'GET', '127.0.0.1', '{\"_pjax\":\"#pjax-container\"}', '2022-03-24 14:55:54', '2022-03-24 14:55:54'),
(255, 1, 'admin/sections/2', 'PUT', '127.0.0.1', '{\"title\":\"\\u6377\\u904b\\u540d\\u5b85\",\"_token\":\"uE83t2p7zqU4V3VAIIvEjwQl7sCu28qEhvTSucuK\",\"_method\":\"PUT\"}', '2022-03-24 14:56:05', '2022-03-24 14:56:05'),
(256, 1, 'admin/sections', 'GET', '127.0.0.1', '[]', '2022-03-24 14:56:06', '2022-03-24 14:56:06'),
(257, 1, 'admin/sections/2/edit', 'GET', '127.0.0.1', '{\"_pjax\":\"#pjax-container\"}', '2022-03-24 14:56:08', '2022-03-24 14:56:08'),
(258, 1, 'admin', 'GET', '127.0.0.1', '{\"_pjax\":\"#pjax-container\"}', '2022-03-24 14:56:08', '2022-03-24 14:56:08'),
(259, 1, 'admin/sections/3/edit', 'GET', '127.0.0.1', '{\"_pjax\":\"#pjax-container\"}', '2022-03-24 14:56:10', '2022-03-24 14:56:10'),
(260, 1, 'admin/sections/3', 'PUT', '127.0.0.1', '{\"title\":\"\\u6a02\\u6d3b\\u5546\\u5708\",\"_token\":\"uE83t2p7zqU4V3VAIIvEjwQl7sCu28qEhvTSucuK\",\"_method\":\"PUT\"}', '2022-03-24 14:56:15', '2022-03-24 14:56:15'),
(261, 1, 'admin/sections', 'GET', '127.0.0.1', '[]', '2022-03-24 14:56:15', '2022-03-24 14:56:15'),
(262, 1, 'admin', 'GET', '127.0.0.1', '{\"_pjax\":\"#pjax-container\"}', '2022-03-24 14:56:24', '2022-03-24 14:56:24'),
(263, 1, 'admin/sections/4/edit', 'GET', '127.0.0.1', '{\"_pjax\":\"#pjax-container\"}', '2022-03-24 14:56:26', '2022-03-24 14:56:26'),
(264, 1, 'admin/sections/4', 'PUT', '127.0.0.1', '{\"title\":\"\\u7da0\\u610f\\u66f8\\u9999\",\"_token\":\"uE83t2p7zqU4V3VAIIvEjwQl7sCu28qEhvTSucuK\",\"_method\":\"PUT\"}', '2022-03-24 14:56:28', '2022-03-24 14:56:28'),
(265, 1, 'admin/sections', 'GET', '127.0.0.1', '[]', '2022-03-24 14:56:29', '2022-03-24 14:56:29'),
(266, 1, 'admin/sections/4/edit', 'GET', '127.0.0.1', '{\"_pjax\":\"#pjax-container\"}', '2022-03-24 14:56:38', '2022-03-24 14:56:38'),
(267, 1, 'admin', 'GET', '127.0.0.1', '{\"_pjax\":\"#pjax-container\"}', '2022-03-24 14:56:40', '2022-03-24 14:56:40'),
(268, 1, 'admin/sections/5/edit', 'GET', '127.0.0.1', '{\"_pjax\":\"#pjax-container\"}', '2022-03-24 14:56:42', '2022-03-24 14:56:42'),
(269, 1, 'admin/sections/5', 'PUT', '127.0.0.1', '{\"title\":\"\\u8c6a\\u5b85\\u5718\\u968a\",\"_token\":\"uE83t2p7zqU4V3VAIIvEjwQl7sCu28qEhvTSucuK\",\"_method\":\"PUT\"}', '2022-03-24 14:56:44', '2022-03-24 14:56:44'),
(270, 1, 'admin/sections', 'GET', '127.0.0.1', '[]', '2022-03-24 14:56:44', '2022-03-24 14:56:44'),
(271, 1, 'admin', 'GET', '127.0.0.1', '{\"_pjax\":\"#pjax-container\"}', '2022-03-24 14:57:15', '2022-03-24 14:57:15'),
(272, 1, 'admin/sections/6/edit', 'GET', '127.0.0.1', '{\"_pjax\":\"#pjax-container\"}', '2022-03-24 14:57:16', '2022-03-24 14:57:16'),
(273, 1, 'admin/sections/6', 'PUT', '127.0.0.1', '{\"title\":\"\\u5c08\\u5229\\u7cbe\\u5de5\",\"_token\":\"uE83t2p7zqU4V3VAIIvEjwQl7sCu28qEhvTSucuK\",\"_method\":\"PUT\"}', '2022-03-24 14:57:18', '2022-03-24 14:57:18'),
(274, 1, 'admin/sections', 'GET', '127.0.0.1', '[]', '2022-03-24 14:57:19', '2022-03-24 14:57:19'),
(275, 1, 'admin', 'GET', '127.0.0.1', '{\"_pjax\":\"#pjax-container\"}', '2022-03-24 14:57:23', '2022-03-24 14:57:23'),
(276, 1, 'admin/sections/7/edit', 'GET', '127.0.0.1', '{\"_pjax\":\"#pjax-container\"}', '2022-03-24 14:57:25', '2022-03-24 14:57:25'),
(277, 1, 'admin/sections/7', 'PUT', '127.0.0.1', '{\"title\":\"\\u8d85\\u503c\\u576a\\u6548\",\"_token\":\"uE83t2p7zqU4V3VAIIvEjwQl7sCu28qEhvTSucuK\",\"_method\":\"PUT\"}', '2022-03-24 14:57:26', '2022-03-24 14:57:26'),
(278, 1, 'admin/sections', 'GET', '127.0.0.1', '[]', '2022-03-24 14:57:27', '2022-03-24 14:57:27'),
(279, 1, 'admin', 'GET', '127.0.0.1', '{\"_pjax\":\"#pjax-container\"}', '2022-03-24 14:57:33', '2022-03-24 14:57:33'),
(280, 1, 'admin/section/sliders', 'GET', '127.0.0.1', '{\"_pjax\":\"#pjax-container\"}', '2022-03-24 14:58:53', '2022-03-24 14:58:53'),
(281, 1, 'admin/section/sliders', 'GET', '127.0.0.1', '{\"_pjax\":\"#pjax-container\",\"section\":{\"id\":\"1\"}}', '2022-03-24 14:58:57', '2022-03-24 14:58:57'),
(282, 1, 'admin/section/sliders', 'GET', '127.0.0.1', '{\"section\":{\"id\":\"1\"}}', '2022-03-24 14:59:36', '2022-03-24 14:59:36'),
(283, 1, 'admin', 'GET', '127.0.0.1', '{\"_pjax\":\"#pjax-container\"}', '2022-03-24 14:59:37', '2022-03-24 14:59:37'),
(284, 1, 'admin', 'GET', '127.0.0.1', '[]', '2022-03-24 14:59:38', '2022-03-24 14:59:38'),
(285, 1, 'admin/section/sliders', 'GET', '127.0.0.1', '{\"section\":{\"id\":\"1\"},\"_pjax\":\"#pjax-container\"}', '2022-03-24 14:59:40', '2022-03-24 14:59:40'),
(286, 1, 'admin', 'GET', '127.0.0.1', '{\"_pjax\":\"#pjax-container\"}', '2022-03-24 14:59:47', '2022-03-24 14:59:47'),
(287, 1, 'admin/section/sliders', 'GET', '127.0.0.1', '{\"section\":{\"id\":\"1\"},\"_pjax\":\"#pjax-container\"}', '2022-03-24 15:00:17', '2022-03-24 15:00:17'),
(288, 1, 'admin/section/sliders', 'GET', '127.0.0.1', '{\"_pjax\":\"#pjax-container\",\"section\":{\"id\":null}}', '2022-03-24 15:00:22', '2022-03-24 15:00:22'),
(289, 1, 'admin/section/sliders', 'GET', '127.0.0.1', '{\"section\":{\"id\":null}}', '2022-03-24 15:01:42', '2022-03-24 15:01:42'),
(290, 1, 'admin/section/sliders/create', 'GET', '127.0.0.1', '{\"_pjax\":\"#pjax-container\"}', '2022-03-24 15:01:46', '2022-03-24 15:01:46'),
(291, 1, 'admin/section/sliders', 'POST', '127.0.0.1', '{\"section_id\":\"1\",\"alt\":\"\\u5c0f\\u6a9c\\u6eaa\\u91cd\\u5283\\u5340\",\"display\":\"on\",\"_token\":\"uE83t2p7zqU4V3VAIIvEjwQl7sCu28qEhvTSucuK\",\"_previous_\":\"http:\\/\\/brilliantlife.tet:8080\\/admin\\/section\\/sliders?&section%5Bid%5D=\"}', '2022-03-24 15:04:07', '2022-03-24 15:04:07'),
(292, 1, 'admin/section/sliders', 'GET', '127.0.0.1', '{\"section\":{\"id\":null}}', '2022-03-24 15:04:08', '2022-03-24 15:04:08'),
(293, 1, 'admin/section/sliders/create', 'GET', '127.0.0.1', '{\"_pjax\":\"#pjax-container\"}', '2022-03-24 15:04:15', '2022-03-24 15:04:15'),
(294, 1, 'admin/section/sliders', 'POST', '127.0.0.1', '{\"section_id\":\"1\",\"alt\":\"\\u4e2d\\u6b63\\u85dd\\u6587\\u7279\\u5340\",\"display\":\"on\",\"_token\":\"uE83t2p7zqU4V3VAIIvEjwQl7sCu28qEhvTSucuK\",\"_previous_\":\"http:\\/\\/brilliantlife.tet:8080\\/admin\\/section\\/sliders?&section%5Bid%5D=\"}', '2022-03-24 15:04:37', '2022-03-24 15:04:37'),
(295, 1, 'admin/section/sliders', 'GET', '127.0.0.1', '{\"section\":{\"id\":null}}', '2022-03-24 15:04:37', '2022-03-24 15:04:37'),
(296, 1, 'admin/section/sliders/create', 'GET', '127.0.0.1', '{\"_pjax\":\"#pjax-container\"}', '2022-03-24 15:04:39', '2022-03-24 15:04:39'),
(297, 1, 'admin/section/sliders', 'POST', '127.0.0.1', '{\"section_id\":null,\"alt\":\"\\u4e2d\\u8def\\u7279\\u5340\",\"display\":\"on\",\"_token\":\"uE83t2p7zqU4V3VAIIvEjwQl7sCu28qEhvTSucuK\",\"_previous_\":\"http:\\/\\/brilliantlife.tet:8080\\/admin\\/section\\/sliders?&section%5Bid%5D=\"}', '2022-03-24 15:04:58', '2022-03-24 15:04:58'),
(298, 1, 'admin/section/sliders/create', 'GET', '127.0.0.1', '[]', '2022-03-24 15:04:59', '2022-03-24 15:04:59'),
(299, 1, 'admin/section/sliders', 'POST', '127.0.0.1', '{\"section_id\":\"1\",\"alt\":\"\\u4e2d\\u8def\\u7279\\u5340\",\"display\":\"on\",\"_token\":\"uE83t2p7zqU4V3VAIIvEjwQl7sCu28qEhvTSucuK\"}', '2022-03-24 15:05:12', '2022-03-24 15:05:12'),
(300, 1, 'admin/section/sliders', 'GET', '127.0.0.1', '[]', '2022-03-24 15:05:12', '2022-03-24 15:05:12'),
(301, 1, 'admin/section/sliders/create', 'GET', '127.0.0.1', '{\"_pjax\":\"#pjax-container\"}', '2022-03-24 15:05:14', '2022-03-24 15:05:14'),
(302, 1, 'admin/section/sliders', 'POST', '127.0.0.1', '{\"section_id\":\"1\",\"alt\":\"\\u7ad9\\u524d\\u5546\\u5708\",\"display\":\"on\",\"_token\":\"uE83t2p7zqU4V3VAIIvEjwQl7sCu28qEhvTSucuK\",\"_previous_\":\"http:\\/\\/brilliantlife.tet:8080\\/admin\\/section\\/sliders\"}', '2022-03-24 15:05:31', '2022-03-24 15:05:31'),
(303, 1, 'admin/section/sliders', 'GET', '127.0.0.1', '[]', '2022-03-24 15:05:31', '2022-03-24 15:05:31'),
(304, 1, 'admin/section/sliders/create', 'GET', '127.0.0.1', '{\"_pjax\":\"#pjax-container\"}', '2022-03-24 15:05:33', '2022-03-24 15:05:33'),
(305, 1, 'admin/section/sliders', 'POST', '127.0.0.1', '{\"section_id\":\"2\",\"alt\":\"\\u6377\\u904b\\u7da0\\u7ddaG09\\u7ad9\",\"display\":\"on\",\"_token\":\"uE83t2p7zqU4V3VAIIvEjwQl7sCu28qEhvTSucuK\",\"_previous_\":\"http:\\/\\/brilliantlife.tet:8080\\/admin\\/section\\/sliders\"}', '2022-03-24 15:05:50', '2022-03-24 15:05:50'),
(306, 1, 'admin/section/sliders', 'GET', '127.0.0.1', '[]', '2022-03-24 15:05:50', '2022-03-24 15:05:50'),
(307, 1, 'admin/section/sliders/3/edit', 'GET', '127.0.0.1', '{\"_pjax\":\"#pjax-container\"}', '2022-03-24 15:06:16', '2022-03-24 15:06:16'),
(308, 1, 'admin/section/sliders/3', 'PUT', '127.0.0.1', '{\"section_id\":\"1\",\"alt\":\"\\u4e2d\\u8def\\u7279\\u5340\",\"display\":\"on\",\"_token\":\"uE83t2p7zqU4V3VAIIvEjwQl7sCu28qEhvTSucuK\",\"_method\":\"PUT\",\"_previous_\":\"http:\\/\\/brilliantlife.tet:8080\\/admin\\/section\\/sliders\"}', '2022-03-24 15:06:26', '2022-03-24 15:06:26'),
(309, 1, 'admin/section/sliders', 'GET', '127.0.0.1', '[]', '2022-03-24 15:06:26', '2022-03-24 15:06:26'),
(310, 1, 'admin/section/sliders', 'GET', '127.0.0.1', '[]', '2022-03-24 15:07:03', '2022-03-24 15:07:03'),
(311, 1, 'admin/section/sliders/create', 'GET', '127.0.0.1', '{\"_pjax\":\"#pjax-container\"}', '2022-03-24 15:07:07', '2022-03-24 15:07:07'),
(312, 1, 'admin/section/sliders', 'POST', '127.0.0.1', '{\"section_id\":\"2\",\"alt\":\"\\u5357\\u6843\\u5712\\u4ea4\\u6d41\\u9053\",\"display\":\"on\",\"_token\":\"uE83t2p7zqU4V3VAIIvEjwQl7sCu28qEhvTSucuK\",\"_previous_\":\"http:\\/\\/brilliantlife.tet:8080\\/admin\\/section\\/sliders\"}', '2022-03-24 15:07:29', '2022-03-24 15:07:29'),
(313, 1, 'admin/section/sliders', 'GET', '127.0.0.1', '[]', '2022-03-24 15:07:29', '2022-03-24 15:07:29'),
(314, 1, 'admin/section/sliders/create', 'GET', '127.0.0.1', '{\"_pjax\":\"#pjax-container\"}', '2022-03-24 15:08:26', '2022-03-24 15:08:26'),
(315, 1, 'admin/section/sliders', 'POST', '127.0.0.1', '{\"section_id\":\"2\",\"alt\":\"\\u6843\\u5712\\u8eca\\u7ad9\",\"display\":\"on\",\"_token\":\"uE83t2p7zqU4V3VAIIvEjwQl7sCu28qEhvTSucuK\",\"_previous_\":\"http:\\/\\/brilliantlife.tet:8080\\/admin\\/section\\/sliders\"}', '2022-03-24 15:08:51', '2022-03-24 15:08:51'),
(316, 1, 'admin/section/sliders', 'GET', '127.0.0.1', '[]', '2022-03-24 15:08:52', '2022-03-24 15:08:52'),
(317, 1, 'admin/section/sliders/create', 'GET', '127.0.0.1', '{\"_pjax\":\"#pjax-container\"}', '2022-03-24 15:08:53', '2022-03-24 15:08:53'),
(318, 1, 'admin/section/sliders', 'POST', '127.0.0.1', '{\"section_id\":\"2\",\"alt\":\"\\u6377\\u904b\\u793a\\u610f\\u5716\",\"display\":\"on\",\"_token\":\"uE83t2p7zqU4V3VAIIvEjwQl7sCu28qEhvTSucuK\",\"_previous_\":\"http:\\/\\/brilliantlife.tet:8080\\/admin\\/section\\/sliders\"}', '2022-03-24 15:09:53', '2022-03-24 15:09:53'),
(319, 1, 'admin/section/sliders', 'GET', '127.0.0.1', '[]', '2022-03-24 15:09:53', '2022-03-24 15:09:53'),
(320, 1, 'admin/section/sliders/create', 'GET', '127.0.0.1', '{\"_pjax\":\"#pjax-container\"}', '2022-03-24 15:10:46', '2022-03-24 15:10:46'),
(321, 1, 'admin/section/sliders', 'POST', '127.0.0.1', '{\"section_id\":\"3\",\"alt\":\"\\u6843\\u5712\\u89c0\\u5149\\u591c\\u5e02\",\"display\":\"on\",\"_token\":\"uE83t2p7zqU4V3VAIIvEjwQl7sCu28qEhvTSucuK\",\"_previous_\":\"http:\\/\\/brilliantlife.tet:8080\\/admin\\/section\\/sliders\"}', '2022-03-24 15:11:03', '2022-03-24 15:11:03'),
(322, 1, 'admin/section/sliders', 'GET', '127.0.0.1', '[]', '2022-03-24 15:11:03', '2022-03-24 15:11:03'),
(323, 1, 'admin/section/sliders/create', 'GET', '127.0.0.1', '{\"_pjax\":\"#pjax-container\"}', '2022-03-24 15:11:04', '2022-03-24 15:11:04'),
(324, 1, 'admin/section/sliders', 'POST', '127.0.0.1', '{\"section_id\":\"3\",\"alt\":\"\\u5168\\u806f\\u798f\\u5229\\u4e2d\\u5fc3\",\"display\":\"on\",\"_token\":\"uE83t2p7zqU4V3VAIIvEjwQl7sCu28qEhvTSucuK\",\"_previous_\":\"http:\\/\\/brilliantlife.tet:8080\\/admin\\/section\\/sliders\"}', '2022-03-24 15:11:25', '2022-03-24 15:11:25'),
(325, 1, 'admin/section/sliders', 'GET', '127.0.0.1', '[]', '2022-03-24 15:11:25', '2022-03-24 15:11:25'),
(326, 1, 'admin/section/sliders/create', 'GET', '127.0.0.1', '{\"_pjax\":\"#pjax-container\"}', '2022-03-24 15:11:27', '2022-03-24 15:11:27'),
(327, 1, 'admin/section/sliders', 'POST', '127.0.0.1', '{\"section_id\":\"3\",\"alt\":\"\\u4e2d\\u6b63\\u8def\\u5546\\u5708\",\"display\":\"on\",\"_token\":\"uE83t2p7zqU4V3VAIIvEjwQl7sCu28qEhvTSucuK\",\"_previous_\":\"http:\\/\\/brilliantlife.tet:8080\\/admin\\/section\\/sliders\"}', '2022-03-24 15:11:50', '2022-03-24 15:11:50'),
(328, 1, 'admin/section/sliders', 'GET', '127.0.0.1', '[]', '2022-03-24 15:11:50', '2022-03-24 15:11:50'),
(329, 1, 'admin/section/sliders/create', 'GET', '127.0.0.1', '{\"_pjax\":\"#pjax-container\"}', '2022-03-24 15:11:53', '2022-03-24 15:11:53'),
(330, 1, 'admin/section/sliders', 'POST', '127.0.0.1', '{\"section_id\":\"3\",\"alt\":\"\\u6c38\\u5b89\\u8def\\u5546\\u5708\",\"display\":\"on\",\"_token\":\"uE83t2p7zqU4V3VAIIvEjwQl7sCu28qEhvTSucuK\",\"_previous_\":\"http:\\/\\/brilliantlife.tet:8080\\/admin\\/section\\/sliders\"}', '2022-03-24 15:12:13', '2022-03-24 15:12:13'),
(331, 1, 'admin/section/sliders', 'GET', '127.0.0.1', '[]', '2022-03-24 15:12:13', '2022-03-24 15:12:13'),
(332, 1, 'admin/section/sliders/create', 'GET', '127.0.0.1', '{\"_pjax\":\"#pjax-container\"}', '2022-03-24 15:12:29', '2022-03-24 15:12:29'),
(333, 1, 'admin/section/sliders', 'POST', '127.0.0.1', '{\"section_id\":\"4\",\"alt\":\"\\u6c38\\u5eb7\\u516c\\u5712\",\"display\":\"on\",\"_token\":\"uE83t2p7zqU4V3VAIIvEjwQl7sCu28qEhvTSucuK\",\"_previous_\":\"http:\\/\\/brilliantlife.tet:8080\\/admin\\/section\\/sliders\"}', '2022-03-24 15:12:58', '2022-03-24 15:12:58'),
(334, 1, 'admin/section/sliders', 'GET', '127.0.0.1', '[]', '2022-03-24 15:12:58', '2022-03-24 15:12:58'),
(335, 1, 'admin/section/sliders/create', 'GET', '127.0.0.1', '{\"_pjax\":\"#pjax-container\"}', '2022-03-24 15:13:00', '2022-03-24 15:13:00'),
(336, 1, 'admin/section/sliders', 'POST', '127.0.0.1', '{\"section_id\":\"4\",\"alt\":\"\\u6eab\\u5dde\\u516c\\u5712\",\"display\":\"on\",\"_token\":\"uE83t2p7zqU4V3VAIIvEjwQl7sCu28qEhvTSucuK\",\"_previous_\":\"http:\\/\\/brilliantlife.tet:8080\\/admin\\/section\\/sliders\"}', '2022-03-24 15:13:25', '2022-03-24 15:13:25'),
(337, 1, 'admin/section/sliders', 'GET', '127.0.0.1', '[]', '2022-03-24 15:13:25', '2022-03-24 15:13:25'),
(338, 1, 'admin/section/sliders/create', 'GET', '127.0.0.1', '{\"_pjax\":\"#pjax-container\"}', '2022-03-24 15:13:27', '2022-03-24 15:13:27'),
(339, 1, 'admin/section/sliders', 'POST', '127.0.0.1', '{\"section_id\":\"4\",\"alt\":\"\\u98a8\\u79be\\u516c\\u5712\",\"display\":\"on\",\"_token\":\"uE83t2p7zqU4V3VAIIvEjwQl7sCu28qEhvTSucuK\",\"_previous_\":\"http:\\/\\/brilliantlife.tet:8080\\/admin\\/section\\/sliders\"}', '2022-03-24 15:13:53', '2022-03-24 15:13:53'),
(340, 1, 'admin/section/sliders', 'GET', '127.0.0.1', '[]', '2022-03-24 15:13:54', '2022-03-24 15:13:54'),
(341, 1, 'admin/section/sliders/create', 'GET', '127.0.0.1', '{\"_pjax\":\"#pjax-container\"}', '2022-03-24 15:14:01', '2022-03-24 15:14:01'),
(342, 1, 'admin/section/sliders', 'POST', '127.0.0.1', '{\"section_id\":\"4\",\"alt\":\"\\u6148\\u6587\\u570b\\u4e2d\",\"display\":\"on\",\"_token\":\"uE83t2p7zqU4V3VAIIvEjwQl7sCu28qEhvTSucuK\",\"_previous_\":\"http:\\/\\/brilliantlife.tet:8080\\/admin\\/section\\/sliders\"}', '2022-03-24 15:14:15', '2022-03-24 15:14:15'),
(343, 1, 'admin/section/sliders', 'GET', '127.0.0.1', '[]', '2022-03-24 15:14:16', '2022-03-24 15:14:16'),
(344, 1, 'admin/section/sliders/create', 'GET', '127.0.0.1', '{\"_pjax\":\"#pjax-container\"}', '2022-03-24 15:14:18', '2022-03-24 15:14:18'),
(345, 1, 'admin/section/sliders', 'POST', '127.0.0.1', '{\"section_id\":\"4\",\"alt\":\"\\u5411\\u967d\\u516c\\u5712\",\"display\":\"on\",\"_token\":\"uE83t2p7zqU4V3VAIIvEjwQl7sCu28qEhvTSucuK\",\"_previous_\":\"http:\\/\\/brilliantlife.tet:8080\\/admin\\/section\\/sliders\"}', '2022-03-24 15:14:38', '2022-03-24 15:14:38'),
(346, 1, 'admin/section/sliders', 'GET', '127.0.0.1', '[]', '2022-03-24 15:14:39', '2022-03-24 15:14:39'),
(347, 1, 'admin/section/sliders/17/edit', 'GET', '127.0.0.1', '{\"_pjax\":\"#pjax-container\"}', '2022-03-24 15:15:40', '2022-03-24 15:15:40'),
(348, 1, 'admin/section/sliders/17', 'PUT', '127.0.0.1', '{\"section_id\":\"4\",\"alt\":\"\\u5411\\u967d\\u516c\\u5712\",\"display\":\"on\",\"_token\":\"uE83t2p7zqU4V3VAIIvEjwQl7sCu28qEhvTSucuK\",\"_method\":\"PUT\",\"_previous_\":\"http:\\/\\/brilliantlife.tet:8080\\/admin\\/section\\/sliders\"}', '2022-03-24 15:15:48', '2022-03-24 15:15:48'),
(349, 1, 'admin/section/sliders', 'GET', '127.0.0.1', '[]', '2022-03-24 15:15:48', '2022-03-24 15:15:48');
INSERT INTO `admin_operation_log` (`id`, `user_id`, `path`, `method`, `ip`, `input`, `created_at`, `updated_at`) VALUES
(350, 1, 'admin/section/sliders/create', 'GET', '127.0.0.1', '{\"_pjax\":\"#pjax-container\"}', '2022-03-24 15:15:50', '2022-03-24 15:15:50'),
(351, 1, 'admin/section/sliders', 'POST', '127.0.0.1', '{\"section_id\":\"4\",\"alt\":\"\\u4f55\\u5609\\u4ec1\\u5e7c\\u5152\\u5712\",\"display\":\"on\",\"_token\":\"uE83t2p7zqU4V3VAIIvEjwQl7sCu28qEhvTSucuK\",\"_previous_\":\"http:\\/\\/brilliantlife.tet:8080\\/admin\\/section\\/sliders\"}', '2022-03-24 15:16:06', '2022-03-24 15:16:06'),
(352, 1, 'admin/section/sliders', 'GET', '127.0.0.1', '[]', '2022-03-24 15:16:06', '2022-03-24 15:16:06'),
(353, 1, 'admin/section/sliders/create', 'GET', '127.0.0.1', '{\"_pjax\":\"#pjax-container\"}', '2022-03-24 15:16:15', '2022-03-24 15:16:15'),
(354, 1, 'admin/section/sliders', 'POST', '127.0.0.1', '{\"section_id\":\"4\",\"alt\":\"YouBike\",\"display\":\"on\",\"_token\":\"uE83t2p7zqU4V3VAIIvEjwQl7sCu28qEhvTSucuK\",\"_previous_\":\"http:\\/\\/brilliantlife.tet:8080\\/admin\\/section\\/sliders\"}', '2022-03-24 15:16:26', '2022-03-24 15:16:26'),
(355, 1, 'admin/section/sliders', 'GET', '127.0.0.1', '[]', '2022-03-24 15:16:26', '2022-03-24 15:16:26'),
(356, 1, 'admin/section/sliders/create', 'GET', '127.0.0.1', '{\"_pjax\":\"#pjax-container\"}', '2022-03-24 15:16:30', '2022-03-24 15:16:30'),
(357, 1, 'admin/section/sliders', 'POST', '127.0.0.1', '{\"section_id\":\"5\",\"alt\":\"\\u5b9a\\u6cf0\\u5efa\\u8a2d \\u9023\\u7e8c9\\u5e74 \\u69ae\\u7372\\u53f0\\u7063\\u8aa0\\u4fe1\\u5efa\\u5546\",\"display\":\"on\",\"_token\":\"uE83t2p7zqU4V3VAIIvEjwQl7sCu28qEhvTSucuK\",\"_previous_\":\"http:\\/\\/brilliantlife.tet:8080\\/admin\\/section\\/sliders\"}', '2022-03-24 15:16:49', '2022-03-24 15:16:49'),
(358, 1, 'admin/section/sliders', 'GET', '127.0.0.1', '[]', '2022-03-24 15:16:50', '2022-03-24 15:16:50'),
(359, 1, 'admin/section/sliders/create', 'GET', '127.0.0.1', '{\"_pjax\":\"#pjax-container\"}', '2022-03-24 15:16:51', '2022-03-24 15:16:51'),
(360, 1, 'admin/section/sliders', 'GET', '127.0.0.1', '[]', '2022-03-24 15:17:08', '2022-03-24 15:17:08'),
(361, 1, 'admin/section/sliders', 'POST', '127.0.0.1', '{\"section_id\":\"6\",\"alt\":\"\\u7cbe\\u5de5\\u8a2d\\u5099 \\u5c08\\u5229\\u5de5\\u6cd5\",\"display\":\"on\",\"_token\":\"uE83t2p7zqU4V3VAIIvEjwQl7sCu28qEhvTSucuK\",\"_previous_\":\"http:\\/\\/brilliantlife.tet:8080\\/admin\\/section\\/sliders\"}', '2022-03-24 15:17:24', '2022-03-24 15:17:24'),
(362, 1, 'admin/section/sliders', 'GET', '127.0.0.1', '[]', '2022-03-24 15:17:24', '2022-03-24 15:17:24'),
(363, 1, 'admin/section/sliders/create', 'GET', '127.0.0.1', '{\"_pjax\":\"#pjax-container\"}', '2022-03-24 15:17:27', '2022-03-24 15:17:27'),
(364, 1, 'admin/section/sliders', 'POST', '127.0.0.1', '{\"section_id\":\"7\",\"alt\":\"\\u6a23\\u54c1\\u5c4b\\u5be6\\u666f\",\"display\":\"on\",\"_token\":\"uE83t2p7zqU4V3VAIIvEjwQl7sCu28qEhvTSucuK\",\"_previous_\":\"http:\\/\\/brilliantlife.tet:8080\\/admin\\/section\\/sliders\"}', '2022-03-24 15:17:49', '2022-03-24 15:17:49'),
(365, 1, 'admin/section/sliders', 'GET', '127.0.0.1', '[]', '2022-03-24 15:17:49', '2022-03-24 15:17:49'),
(366, 1, 'admin/section/sliders/create', 'GET', '127.0.0.1', '{\"_pjax\":\"#pjax-container\"}', '2022-03-24 15:17:52', '2022-03-24 15:17:52'),
(367, 1, 'admin/section/sliders', 'POST', '127.0.0.1', '{\"section_id\":\"7\",\"alt\":\"\\u6a23\\u54c1\\u5c4b\\u5be6\\u666f\",\"display\":\"on\",\"_token\":\"uE83t2p7zqU4V3VAIIvEjwQl7sCu28qEhvTSucuK\",\"_previous_\":\"http:\\/\\/brilliantlife.tet:8080\\/admin\\/section\\/sliders\"}', '2022-03-24 15:18:11', '2022-03-24 15:18:11'),
(368, 1, 'admin/section/sliders', 'GET', '127.0.0.1', '[]', '2022-03-24 15:18:11', '2022-03-24 15:18:11'),
(369, 1, 'admin/section/sliders/create', 'GET', '127.0.0.1', '{\"_pjax\":\"#pjax-container\"}', '2022-03-24 15:18:13', '2022-03-24 15:18:13'),
(370, 1, 'admin/section/sliders', 'POST', '127.0.0.1', '{\"section_id\":\"7\",\"alt\":\"\\u6a23\\u54c1\\u5c4b\\u5be6\\u666f\",\"display\":\"on\",\"_token\":\"uE83t2p7zqU4V3VAIIvEjwQl7sCu28qEhvTSucuK\",\"_previous_\":\"http:\\/\\/brilliantlife.tet:8080\\/admin\\/section\\/sliders\"}', '2022-03-24 15:18:29', '2022-03-24 15:18:29'),
(371, 1, 'admin/section/sliders', 'GET', '127.0.0.1', '[]', '2022-03-24 15:18:29', '2022-03-24 15:18:29'),
(372, 1, 'admin/section/sliders/create', 'GET', '127.0.0.1', '{\"_pjax\":\"#pjax-container\"}', '2022-03-24 15:18:31', '2022-03-24 15:18:31'),
(373, 1, 'admin/section/sliders', 'POST', '127.0.0.1', '{\"section_id\":\"7\",\"alt\":\"\\u6a23\\u54c1\\u5c4b\\u5be6\\u666f\",\"display\":\"on\",\"_token\":\"uE83t2p7zqU4V3VAIIvEjwQl7sCu28qEhvTSucuK\",\"_previous_\":\"http:\\/\\/brilliantlife.tet:8080\\/admin\\/section\\/sliders\"}', '2022-03-24 15:18:42', '2022-03-24 15:18:42'),
(374, 1, 'admin/section/sliders', 'GET', '127.0.0.1', '[]', '2022-03-24 15:18:42', '2022-03-24 15:18:42'),
(375, 1, 'admin', 'GET', '127.0.0.1', '{\"_pjax\":\"#pjax-container\"}', '2022-03-24 15:18:54', '2022-03-24 15:18:54'),
(376, 1, 'admin/section/sliders', 'GET', '127.0.0.1', '{\"section\":{\"id\":\"1\"},\"_pjax\":\"#pjax-container\"}', '2022-03-24 15:18:56', '2022-03-24 15:18:56'),
(377, 1, 'admin', 'GET', '127.0.0.1', '{\"_pjax\":\"#pjax-container\"}', '2022-03-24 15:19:00', '2022-03-24 15:19:00'),
(378, 1, 'admin/section/sliders', 'GET', '127.0.0.1', '{\"section\":{\"id\":\"2\"},\"_pjax\":\"#pjax-container\"}', '2022-03-24 15:19:01', '2022-03-24 15:19:01'),
(379, 1, 'admin', 'GET', '127.0.0.1', '{\"_pjax\":\"#pjax-container\"}', '2022-03-24 15:19:03', '2022-03-24 15:19:03'),
(380, 1, 'admin/section/sliders', 'GET', '127.0.0.1', '{\"section\":{\"id\":\"4\"},\"_pjax\":\"#pjax-container\"}', '2022-03-24 15:19:04', '2022-03-24 15:19:04'),
(381, 1, 'admin', 'GET', '127.0.0.1', '{\"_pjax\":\"#pjax-container\"}', '2022-03-24 15:19:05', '2022-03-24 15:19:05'),
(382, 1, 'admin/section/sliders', 'GET', '127.0.0.1', '{\"section\":{\"id\":\"5\"},\"_pjax\":\"#pjax-container\"}', '2022-03-24 15:19:06', '2022-03-24 15:19:06'),
(383, 1, 'admin', 'GET', '127.0.0.1', '{\"_pjax\":\"#pjax-container\"}', '2022-03-24 15:19:07', '2022-03-24 15:19:07'),
(384, 1, 'admin/section/sliders', 'GET', '127.0.0.1', '{\"section\":{\"id\":\"6\"},\"_pjax\":\"#pjax-container\"}', '2022-03-24 15:19:08', '2022-03-24 15:19:08'),
(385, 1, 'admin', 'GET', '127.0.0.1', '{\"_pjax\":\"#pjax-container\"}', '2022-03-24 15:19:10', '2022-03-24 15:19:10'),
(386, 1, 'admin/section/sliders', 'GET', '127.0.0.1', '{\"section\":{\"id\":\"7\"},\"_pjax\":\"#pjax-container\"}', '2022-03-24 15:19:11', '2022-03-24 15:19:11'),
(387, 1, 'admin/section/sliders', 'GET', '127.0.0.1', '{\"_pjax\":\"#pjax-container\"}', '2022-03-24 15:19:16', '2022-03-24 15:19:16'),
(388, 1, 'admin', 'GET', '127.0.0.1', '{\"_pjax\":\"#pjax-container\"}', '2022-03-24 15:19:18', '2022-03-24 15:19:18'),
(389, 1, 'admin/section/sliders', 'GET', '127.0.0.1', '{\"section\":{\"id\":\"1\"},\"_pjax\":\"#pjax-container\"}', '2022-03-24 15:19:20', '2022-03-24 15:19:20'),
(390, 1, 'admin', 'GET', '127.0.0.1', '{\"_pjax\":\"#pjax-container\"}', '2022-03-24 15:19:25', '2022-03-24 15:19:25'),
(391, 1, 'admin', 'GET', '127.0.0.1', '[]', '2022-03-24 15:24:04', '2022-03-24 15:24:04'),
(392, 1, 'admin/section/sliders', 'GET', '127.0.0.1', '[]', '2022-03-24 15:24:56', '2022-03-24 15:24:56'),
(393, 1, 'admin/section/sliders', 'GET', '127.0.0.1', '[]', '2022-03-24 15:25:23', '2022-03-24 15:25:23'),
(394, 1, 'admin/section/1/sliders', 'GET', '127.0.0.1', '[]', '2022-03-24 15:25:31', '2022-03-24 15:25:31'),
(395, 1, 'admin/section/1/sliders', 'GET', '127.0.0.1', '[]', '2022-03-24 15:25:44', '2022-03-24 15:25:44'),
(396, 1, 'admin/section/1/sliders', 'GET', '127.0.0.1', '[]', '2022-03-24 15:32:39', '2022-03-24 15:32:39'),
(397, 1, 'admin/section/sliders', 'GET', '127.0.0.1', '[]', '2022-03-24 15:32:52', '2022-03-24 15:32:52'),
(398, 1, 'admin/section/sliders', 'GET', '127.0.0.1', '[]', '2022-03-24 15:33:36', '2022-03-24 15:33:36'),
(399, 1, 'admin/section/sliders', 'GET', '127.0.0.1', '[]', '2022-03-24 15:34:31', '2022-03-24 15:34:31'),
(400, 1, 'admin/section/sliders', 'GET', '127.0.0.1', '{\"section\":\"1\"}', '2022-03-24 15:34:43', '2022-03-24 15:34:43'),
(401, 1, 'admin/section/sliders', 'GET', '127.0.0.1', '{\"sectionId\":\"1\"}', '2022-03-24 15:34:50', '2022-03-24 15:34:50'),
(402, 1, 'admin/section/sliders', 'GET', '127.0.0.1', '{\"sectionId\":\"1\"}', '2022-03-24 15:37:19', '2022-03-24 15:37:19'),
(403, 1, 'admin/section/sliders', 'GET', '127.0.0.1', '{\"sectionId\":\"1\"}', '2022-03-24 15:37:29', '2022-03-24 15:37:29'),
(404, 1, 'admin/section/sliders', 'GET', '127.0.0.1', '{\"se\":\"1\"}', '2022-03-24 15:37:39', '2022-03-24 15:37:39'),
(405, 1, 'admin/section/sliders', 'GET', '127.0.0.1', '{\"se\":\"1\"}', '2022-03-24 15:37:42', '2022-03-24 15:37:42'),
(406, 1, 'admin/section/sliders', 'GET', '127.0.0.1', '{\"se\":\"1\",\"sss\":\"q\"}', '2022-03-24 15:37:50', '2022-03-24 15:37:50'),
(407, 1, 'admin/section/sliders', 'GET', '127.0.0.1', '{\"se\":\"1\",\"sss\":\"q\"}', '2022-03-24 15:37:57', '2022-03-24 15:37:57'),
(408, 1, 'admin/section/sliders', 'GET', '127.0.0.1', '{\"sectionId\":\"1\"}', '2022-03-24 15:38:29', '2022-03-24 15:38:29'),
(409, 1, 'admin/section/sliders', 'GET', '127.0.0.1', '{\"sectionId\":\"1\"}', '2022-03-24 15:38:54', '2022-03-24 15:38:54'),
(410, 1, 'admin/section/sliders', 'GET', '127.0.0.1', '{\"sectionId\":\"1\"}', '2022-03-24 15:40:25', '2022-03-24 15:40:25'),
(411, 1, 'admin/section/sliders', 'GET', '127.0.0.1', '{\"sectionId\":\"2\"}', '2022-03-24 15:40:36', '2022-03-24 15:40:36'),
(412, 1, 'admin/section/sliders', 'GET', '127.0.0.1', '{\"sectionId\":\"2\"}', '2022-03-24 15:40:51', '2022-03-24 15:40:51'),
(413, 1, 'admin/section/sliders', 'GET', '127.0.0.1', '{\"sectionId\":\"2\",\"section\":{\"id\":\"1\"},\"_pjax\":\"#pjax-container\"}', '2022-03-24 15:40:55', '2022-03-24 15:40:55'),
(414, 1, 'admin/section/sliders', 'GET', '127.0.0.1', '{\"sectionId\":\"2\",\"_pjax\":\"#pjax-container\"}', '2022-03-24 15:41:01', '2022-03-24 15:41:01'),
(415, 1, 'admin/section/sliders', 'GET', '127.0.0.1', '{\"sectionId\":\"2\",\"_pjax\":\"#pjax-container\",\"section\":{\"id\":\"1\"}}', '2022-03-24 15:41:40', '2022-03-24 15:41:40'),
(416, 1, 'admin/section/sliders', 'GET', '127.0.0.1', '{\"sectionId\":\"2\",\"section\":{\"id\":\"1\"}}', '2022-03-24 15:42:37', '2022-03-24 15:42:37'),
(417, 1, 'admin/section/sliders', 'GET', '127.0.0.1', '[]', '2022-03-24 15:43:36', '2022-03-24 15:43:36'),
(418, 1, 'admin/section/sliders', 'GET', '127.0.0.1', '[]', '2022-03-24 15:45:04', '2022-03-24 15:45:04'),
(419, 1, 'admin', 'GET', '127.0.0.1', '{\"_pjax\":\"#pjax-container\"}', '2022-03-24 15:45:07', '2022-03-24 15:45:07'),
(420, 1, 'admin/section/sliders', 'GET', '127.0.0.1', '{\"section\":{\"id\":\"1\"},\"_pjax\":\"#pjax-container\"}', '2022-03-24 15:45:09', '2022-03-24 15:45:09'),
(421, 1, 'admin', 'GET', '127.0.0.1', '{\"_pjax\":\"#pjax-container\"}', '2022-03-24 15:45:12', '2022-03-24 15:45:12'),
(422, 1, 'admin/section/sliders', 'GET', '127.0.0.1', '{\"section\":{\"id\":\"2\"},\"_pjax\":\"#pjax-container\"}', '2022-03-24 15:45:13', '2022-03-24 15:45:13'),
(423, 1, 'admin', 'GET', '127.0.0.1', '{\"_pjax\":\"#pjax-container\"}', '2022-03-24 15:45:15', '2022-03-24 15:45:15'),
(424, 1, 'admin/section/sliders', 'GET', '127.0.0.1', '{\"section\":{\"id\":\"3\"},\"_pjax\":\"#pjax-container\"}', '2022-03-24 15:45:17', '2022-03-24 15:45:17'),
(425, 1, 'admin', 'GET', '127.0.0.1', '{\"_pjax\":\"#pjax-container\"}', '2022-03-24 15:45:18', '2022-03-24 15:45:18'),
(426, 1, 'admin/section/sliders', 'GET', '127.0.0.1', '{\"section\":{\"id\":\"4\"},\"_pjax\":\"#pjax-container\"}', '2022-03-24 15:45:20', '2022-03-24 15:45:20'),
(427, 1, 'admin/section/sliders', 'GET', '127.0.0.1', '{\"section\":{\"id\":\"4\"},\"_pjax\":\"#pjax-container\",\"display\":\"0\"}', '2022-03-24 15:45:39', '2022-03-24 15:45:39'),
(428, 1, 'admin/section/sliders', 'GET', '127.0.0.1', '{\"section\":{\"id\":\"4\"},\"_pjax\":\"#pjax-container\",\"display\":null}', '2022-03-24 15:45:41', '2022-03-24 15:45:41'),
(429, 1, 'admin', 'GET', '127.0.0.1', '{\"_pjax\":\"#pjax-container\"}', '2022-03-24 15:45:46', '2022-03-24 15:45:46'),
(430, 1, 'admin/auth/menu', 'GET', '127.0.0.1', '{\"_pjax\":\"#pjax-container\"}', '2022-03-24 15:45:52', '2022-03-24 15:45:52'),
(431, 1, 'admin/auth/menu/2/edit', 'GET', '127.0.0.1', '{\"_pjax\":\"#pjax-container\"}', '2022-03-24 15:45:55', '2022-03-24 15:45:55'),
(432, 1, 'admin/auth/menu', 'GET', '127.0.0.1', '{\"_pjax\":\"#pjax-container\"}', '2022-03-24 15:45:58', '2022-03-24 15:45:58'),
(433, 1, 'admin/auth/menu/8/edit', 'GET', '127.0.0.1', '{\"_pjax\":\"#pjax-container\"}', '2022-03-24 15:45:59', '2022-03-24 15:45:59'),
(434, 1, 'admin/auth/menu', 'GET', '127.0.0.1', '{\"_pjax\":\"#pjax-container\"}', '2022-03-24 15:46:06', '2022-03-24 15:46:06'),
(435, 1, 'admin/auth/menu/2/edit', 'GET', '127.0.0.1', '{\"_pjax\":\"#pjax-container\"}', '2022-03-24 15:46:08', '2022-03-24 15:46:08'),
(436, 1, 'admin/auth/menu', 'GET', '127.0.0.1', '{\"_pjax\":\"#pjax-container\"}', '2022-03-24 15:46:09', '2022-03-24 15:46:09'),
(437, 1, 'admin/auth/menu/8/edit', 'GET', '127.0.0.1', '{\"_pjax\":\"#pjax-container\"}', '2022-03-24 15:46:11', '2022-03-24 15:46:11'),
(438, 1, 'admin/auth/menu/8', 'PUT', '127.0.0.1', '{\"parent_id\":\"0\",\"title\":\"Sections\",\"icon\":\"fa-bars\",\"uri\":\"sections\",\"roles\":[\"1\",null],\"permission\":null,\"_token\":\"uE83t2p7zqU4V3VAIIvEjwQl7sCu28qEhvTSucuK\",\"_method\":\"PUT\",\"_previous_\":\"http:\\/\\/brilliantlife.tet:8080\\/admin\\/auth\\/menu\"}', '2022-03-24 15:46:15', '2022-03-24 15:46:15'),
(439, 1, 'admin/auth/menu', 'GET', '127.0.0.1', '[]', '2022-03-24 15:46:15', '2022-03-24 15:46:15'),
(440, 1, 'admin/auth/menu/9/edit', 'GET', '127.0.0.1', '{\"_pjax\":\"#pjax-container\"}', '2022-03-24 15:46:17', '2022-03-24 15:46:17'),
(441, 1, 'admin/auth/menu/9', 'PUT', '127.0.0.1', '{\"parent_id\":\"0\",\"title\":\"SectionSliders\",\"icon\":\"fa-bars\",\"uri\":\"section\\/sliders\",\"roles\":[\"1\",null],\"permission\":null,\"_token\":\"uE83t2p7zqU4V3VAIIvEjwQl7sCu28qEhvTSucuK\",\"_method\":\"PUT\",\"_previous_\":\"http:\\/\\/brilliantlife.tet:8080\\/admin\\/auth\\/menu\"}', '2022-03-24 15:46:21', '2022-03-24 15:46:21'),
(442, 1, 'admin/auth/menu', 'GET', '127.0.0.1', '[]', '2022-03-24 15:46:22', '2022-03-24 15:46:22'),
(443, 1, 'admin/auth/users', 'GET', '127.0.0.1', '{\"_pjax\":\"#pjax-container\"}', '2022-03-24 15:46:28', '2022-03-24 15:46:28'),
(444, 1, 'admin/auth/roles', 'GET', '127.0.0.1', '{\"_pjax\":\"#pjax-container\"}', '2022-03-24 15:46:34', '2022-03-24 15:46:34'),
(445, 1, 'admin/auth/roles/create', 'GET', '127.0.0.1', '{\"_pjax\":\"#pjax-container\"}', '2022-03-24 15:46:38', '2022-03-24 15:46:38'),
(446, 1, 'admin/auth/roles', 'GET', '127.0.0.1', '[]', '2022-03-24 15:47:27', '2022-03-24 15:47:27'),
(447, 1, 'admin/auth/roles', 'POST', '127.0.0.1', '{\"slug\":\"users\",\"name\":\"Users\",\"permissions\":[\"1\",null],\"_token\":\"uE83t2p7zqU4V3VAIIvEjwQl7sCu28qEhvTSucuK\",\"_previous_\":\"http:\\/\\/brilliantlife.tet:8080\\/admin\\/auth\\/roles\"}', '2022-03-24 15:47:35', '2022-03-24 15:47:35'),
(448, 1, 'admin/auth/roles', 'GET', '127.0.0.1', '[]', '2022-03-24 15:47:36', '2022-03-24 15:47:36'),
(449, 1, 'admin/auth/roles/2/edit', 'GET', '127.0.0.1', '{\"_pjax\":\"#pjax-container\"}', '2022-03-24 15:47:43', '2022-03-24 15:47:43'),
(450, 1, 'admin/auth/permissions', 'GET', '127.0.0.1', '{\"_pjax\":\"#pjax-container\"}', '2022-03-24 15:47:50', '2022-03-24 15:47:50'),
(451, 1, 'admin/auth/users', 'GET', '127.0.0.1', '{\"_pjax\":\"#pjax-container\"}', '2022-03-24 15:48:13', '2022-03-24 15:48:13'),
(452, 1, 'admin/auth/roles', 'GET', '127.0.0.1', '{\"_pjax\":\"#pjax-container\"}', '2022-03-24 15:48:16', '2022-03-24 15:48:16'),
(453, 1, 'admin/auth/roles/2/edit', 'GET', '127.0.0.1', '{\"_pjax\":\"#pjax-container\"}', '2022-03-24 15:48:17', '2022-03-24 15:48:17'),
(454, 1, 'admin/auth/roles/2', 'PUT', '127.0.0.1', '{\"slug\":\"users\",\"name\":\"Users\",\"permissions\":[\"2\",\"3\",null],\"_token\":\"uE83t2p7zqU4V3VAIIvEjwQl7sCu28qEhvTSucuK\",\"_method\":\"PUT\",\"_previous_\":\"http:\\/\\/brilliantlife.tet:8080\\/admin\\/auth\\/roles\"}', '2022-03-24 15:48:25', '2022-03-24 15:48:25'),
(455, 1, 'admin/auth/roles', 'GET', '127.0.0.1', '[]', '2022-03-24 15:48:26', '2022-03-24 15:48:26'),
(456, 1, 'admin/auth/users', 'GET', '127.0.0.1', '{\"_pjax\":\"#pjax-container\"}', '2022-03-24 15:48:28', '2022-03-24 15:48:28'),
(457, 1, 'admin/auth/users/create', 'GET', '127.0.0.1', '{\"_pjax\":\"#pjax-container\"}', '2022-03-24 15:48:31', '2022-03-24 15:48:31'),
(458, 1, 'admin/auth/users', 'POST', '127.0.0.1', '{\"username\":\"user\",\"name\":\"User\",\"password\":\"user\",\"password_confirmation\":\"user\",\"roles\":[\"2\",null],\"permissions\":[null],\"_token\":\"uE83t2p7zqU4V3VAIIvEjwQl7sCu28qEhvTSucuK\",\"_previous_\":\"http:\\/\\/brilliantlife.tet:8080\\/admin\\/auth\\/users\"}', '2022-03-24 15:49:14', '2022-03-24 15:49:14'),
(459, 1, 'admin/auth/users', 'GET', '127.0.0.1', '[]', '2022-03-24 15:49:15', '2022-03-24 15:49:15'),
(460, 1, 'admin/auth/users/1/edit', 'GET', '127.0.0.1', '{\"_pjax\":\"#pjax-container\"}', '2022-03-24 15:49:19', '2022-03-24 15:49:19'),
(461, 1, 'admin/auth/users', 'GET', '127.0.0.1', '{\"_pjax\":\"#pjax-container\"}', '2022-03-24 15:49:24', '2022-03-24 15:49:24'),
(462, 1, 'admin/auth/users', 'GET', '127.0.0.1', '[]', '2022-03-24 15:49:26', '2022-03-24 15:49:26'),
(463, 1, 'admin/auth/logout', 'GET', '127.0.0.1', '{\"_pjax\":\"#pjax-container\"}', '2022-03-24 15:49:33', '2022-03-24 15:49:33'),
(464, 2, 'admin', 'GET', '127.0.0.1', '[]', '2022-03-24 15:49:38', '2022-03-24 15:49:38'),
(465, 2, 'admin/section/sliders', 'GET', '127.0.0.1', '{\"section\":{\"id\":\"6\"},\"_pjax\":\"#pjax-container\"}', '2022-03-24 15:49:41', '2022-03-24 15:49:41'),
(466, 2, 'admin', 'GET', '127.0.0.1', '{\"_pjax\":\"#pjax-container\"}', '2022-03-24 15:49:43', '2022-03-24 15:49:43'),
(467, 2, 'admin/auth/logout', 'GET', '127.0.0.1', '{\"_pjax\":\"#pjax-container\"}', '2022-03-24 15:49:50', '2022-03-24 15:49:50'),
(468, 1, 'admin', 'GET', '127.0.0.1', '[]', '2022-03-24 15:49:56', '2022-03-24 15:49:56'),
(469, 1, 'admin/auth/menu', 'GET', '127.0.0.1', '{\"_pjax\":\"#pjax-container\"}', '2022-03-24 15:50:03', '2022-03-24 15:50:03'),
(470, 1, 'admin/auth/menu/8/edit', 'GET', '127.0.0.1', '{\"_pjax\":\"#pjax-container\"}', '2022-03-24 15:50:08', '2022-03-24 15:50:08'),
(471, 1, 'admin/auth/menu/8', 'PUT', '127.0.0.1', '{\"parent_id\":\"0\",\"title\":\"Sections\",\"icon\":\"fa-bars\",\"uri\":\"sections\",\"roles\":[null],\"permission\":null,\"_token\":\"kvFBJFLfNeo0xnMFMjHv11su3Z4Mj8rVXkfPXuEh\",\"_method\":\"PUT\",\"_previous_\":\"http:\\/\\/brilliantlife.tet:8080\\/admin\\/auth\\/menu\"}', '2022-03-24 15:50:22', '2022-03-24 15:50:22'),
(472, 1, 'admin/auth/menu', 'GET', '127.0.0.1', '[]', '2022-03-24 15:50:22', '2022-03-24 15:50:22'),
(473, 1, 'admin/auth/menu/9/edit', 'GET', '127.0.0.1', '{\"_pjax\":\"#pjax-container\"}', '2022-03-24 15:50:32', '2022-03-24 15:50:32'),
(474, 1, 'admin/auth/menu/9', 'PUT', '127.0.0.1', '{\"parent_id\":\"0\",\"title\":\"SectionSliders\",\"icon\":\"fa-bars\",\"uri\":\"section\\/sliders\",\"roles\":[null],\"permission\":null,\"_token\":\"kvFBJFLfNeo0xnMFMjHv11su3Z4Mj8rVXkfPXuEh\",\"_method\":\"PUT\",\"_previous_\":\"http:\\/\\/brilliantlife.tet:8080\\/admin\\/auth\\/menu\"}', '2022-03-24 15:50:36', '2022-03-24 15:50:36'),
(475, 1, 'admin/auth/menu', 'GET', '127.0.0.1', '[]', '2022-03-24 15:50:37', '2022-03-24 15:50:37'),
(476, 1, 'admin/auth/menu', 'POST', '127.0.0.1', '{\"parent_id\":\"0\",\"title\":\"BL\",\"icon\":\"fa-bars\",\"uri\":null,\"roles\":[\"1\",null],\"permission\":null,\"_token\":\"kvFBJFLfNeo0xnMFMjHv11su3Z4Mj8rVXkfPXuEh\"}', '2022-03-24 15:51:01', '2022-03-24 15:51:01'),
(477, 1, 'admin/auth/menu', 'GET', '127.0.0.1', '[]', '2022-03-24 15:51:01', '2022-03-24 15:51:01'),
(478, 1, 'admin/auth/menu', 'POST', '127.0.0.1', '{\"_token\":\"kvFBJFLfNeo0xnMFMjHv11su3Z4Mj8rVXkfPXuEh\",\"_order\":\"[{\\\"id\\\":1},{\\\"id\\\":2,\\\"children\\\":[{\\\"id\\\":3},{\\\"id\\\":4},{\\\"id\\\":5},{\\\"id\\\":6},{\\\"id\\\":7}]},{\\\"id\\\":10,\\\"children\\\":[{\\\"id\\\":8},{\\\"id\\\":9}]}]\"}', '2022-03-24 15:51:10', '2022-03-24 15:51:10'),
(479, 1, 'admin/auth/menu', 'GET', '127.0.0.1', '{\"_pjax\":\"#pjax-container\"}', '2022-03-24 15:51:10', '2022-03-24 15:51:10'),
(480, 1, 'admin/auth/menu', 'GET', '127.0.0.1', '[]', '2022-03-24 15:51:12', '2022-03-24 15:51:12'),
(481, 1, 'admin/section/sliders', 'GET', '127.0.0.1', '{\"_pjax\":\"#pjax-container\"}', '2022-03-24 15:51:14', '2022-03-24 15:51:14'),
(482, 1, 'admin/auth/logout', 'GET', '127.0.0.1', '{\"_pjax\":\"#pjax-container\"}', '2022-03-24 15:51:17', '2022-03-24 15:51:17'),
(483, 2, 'admin', 'GET', '127.0.0.1', '[]', '2022-03-24 15:51:24', '2022-03-24 15:51:24'),
(484, 2, 'admin', 'GET', '127.0.0.1', '{\"_pjax\":\"#pjax-container\"}', '2022-03-24 15:51:27', '2022-03-24 15:51:27'),
(485, 2, 'admin/section/sliders', 'GET', '127.0.0.1', '{\"section\":{\"id\":\"1\"},\"_pjax\":\"#pjax-container\"}', '2022-03-24 15:51:28', '2022-03-24 15:51:28'),
(486, 2, 'admin/auth/logout', 'GET', '127.0.0.1', '{\"_pjax\":\"#pjax-container\"}', '2022-03-24 15:51:32', '2022-03-24 15:51:32'),
(487, 1, 'admin', 'GET', '127.0.0.1', '[]', '2022-03-24 15:51:38', '2022-03-24 15:51:38'),
(488, 1, 'admin', 'GET', '127.0.0.1', '{\"_pjax\":\"#pjax-container\"}', '2022-03-24 15:51:43', '2022-03-24 15:51:43'),
(489, 1, 'admin/auth/menu', 'GET', '127.0.0.1', '{\"_pjax\":\"#pjax-container\"}', '2022-03-24 15:51:48', '2022-03-24 15:51:48'),
(490, 1, 'admin/auth/menu/10/edit', 'GET', '127.0.0.1', '{\"_pjax\":\"#pjax-container\"}', '2022-03-24 15:51:50', '2022-03-24 15:51:50'),
(491, 1, 'admin/auth/menu/10', 'PUT', '127.0.0.1', '{\"parent_id\":\"0\",\"title\":\"BL\",\"icon\":\"fa-bars\",\"uri\":null,\"roles\":[null],\"permission\":null,\"_token\":\"pOuukRyDLOXG1mh2bvkJeKaByVlWIWuXClfm87BJ\",\"_method\":\"PUT\",\"_previous_\":\"http:\\/\\/brilliantlife.tet:8080\\/admin\\/auth\\/menu\"}', '2022-03-24 15:51:54', '2022-03-24 15:51:54'),
(492, 1, 'admin/auth/menu', 'GET', '127.0.0.1', '[]', '2022-03-24 15:51:55', '2022-03-24 15:51:55'),
(493, 1, 'admin/auth/logout', 'GET', '127.0.0.1', '{\"_pjax\":\"#pjax-container\"}', '2022-03-24 15:51:57', '2022-03-24 15:51:57'),
(494, 2, 'admin', 'GET', '127.0.0.1', '[]', '2022-03-24 15:52:02', '2022-03-24 15:52:02'),
(495, 2, 'admin', 'GET', '127.0.0.1', '{\"_pjax\":\"#pjax-container\"}', '2022-03-24 15:52:09', '2022-03-24 15:52:09'),
(496, 2, 'admin/section/sliders', 'GET', '127.0.0.1', '{\"section\":{\"id\":\"1\"},\"_pjax\":\"#pjax-container\"}', '2022-03-24 15:52:12', '2022-03-24 15:52:12'),
(497, 2, 'admin', 'GET', '127.0.0.1', '{\"_pjax\":\"#pjax-container\"}', '2022-03-24 15:52:14', '2022-03-24 15:52:14'),
(498, 2, 'admin/sections', 'GET', '127.0.0.1', '{\"_pjax\":\"#pjax-container\"}', '2022-03-24 15:52:16', '2022-03-24 15:52:16'),
(499, 2, 'admin', 'GET', '127.0.0.1', '{\"_pjax\":\"#pjax-container\"}', '2022-03-24 15:52:18', '2022-03-24 15:52:18'),
(500, 2, 'admin/auth/logout', 'GET', '127.0.0.1', '{\"_pjax\":\"#pjax-container\"}', '2022-03-24 15:52:20', '2022-03-24 15:52:20'),
(501, 1, 'admin', 'GET', '127.0.0.1', '[]', '2022-03-24 15:52:27', '2022-03-24 15:52:27'),
(502, 1, 'admin', 'GET', '127.0.0.1', '{\"_pjax\":\"#pjax-container\"}', '2022-03-24 15:52:30', '2022-03-24 15:52:30'),
(503, 1, 'admin/auth/menu', 'GET', '127.0.0.1', '{\"_pjax\":\"#pjax-container\"}', '2022-03-24 15:52:32', '2022-03-24 15:52:32'),
(504, 1, 'admin/auth/menu/2/edit', 'GET', '127.0.0.1', '{\"_pjax\":\"#pjax-container\"}', '2022-03-24 15:52:37', '2022-03-24 15:52:37'),
(505, 1, 'admin/auth/menu', 'GET', '127.0.0.1', '{\"_pjax\":\"#pjax-container\"}', '2022-03-24 15:52:39', '2022-03-24 15:52:39'),
(506, 1, 'admin/auth/menu/10/edit', 'GET', '127.0.0.1', '{\"_pjax\":\"#pjax-container\"}', '2022-03-24 15:52:42', '2022-03-24 15:52:42'),
(507, 1, 'admin/auth/menu/10', 'PUT', '127.0.0.1', '{\"parent_id\":\"0\",\"title\":\"BL\",\"icon\":\"fa-bars\",\"uri\":null,\"roles\":[\"1\",null],\"permission\":null,\"_token\":\"qv2XcPmjwlfBVcHKX7V8xuGEyIfcH2F1unNl0SV7\",\"_method\":\"PUT\",\"_previous_\":\"http:\\/\\/brilliantlife.tet:8080\\/admin\\/auth\\/menu\"}', '2022-03-24 15:52:51', '2022-03-24 15:52:51'),
(508, 1, 'admin/auth/menu', 'GET', '127.0.0.1', '[]', '2022-03-24 15:52:51', '2022-03-24 15:52:51'),
(509, 1, 'admin/auth/menu/8/edit', 'GET', '127.0.0.1', '{\"_pjax\":\"#pjax-container\"}', '2022-03-24 15:52:54', '2022-03-24 15:52:54'),
(510, 1, 'admin/auth/menu', 'GET', '127.0.0.1', '{\"_pjax\":\"#pjax-container\"}', '2022-03-24 15:52:56', '2022-03-24 15:52:56'),
(511, 1, 'admin/auth/users', 'GET', '127.0.0.1', '{\"_pjax\":\"#pjax-container\"}', '2022-03-24 15:53:00', '2022-03-24 15:53:00'),
(512, 1, 'admin/auth/roles', 'GET', '127.0.0.1', '{\"_pjax\":\"#pjax-container\"}', '2022-03-24 15:53:03', '2022-03-24 15:53:03'),
(513, 1, 'admin/auth/roles/2/edit', 'GET', '127.0.0.1', '{\"_pjax\":\"#pjax-container\"}', '2022-03-24 15:53:05', '2022-03-24 15:53:05'),
(514, 1, 'admin/auth/roles/2', 'PUT', '127.0.0.1', '{\"slug\":\"users\",\"name\":\"Users\",\"permissions\":[\"1\",null],\"_token\":\"qv2XcPmjwlfBVcHKX7V8xuGEyIfcH2F1unNl0SV7\",\"_method\":\"PUT\",\"_previous_\":\"http:\\/\\/brilliantlife.tet:8080\\/admin\\/auth\\/roles\"}', '2022-03-24 15:53:11', '2022-03-24 15:53:11'),
(515, 1, 'admin/auth/roles', 'GET', '127.0.0.1', '[]', '2022-03-24 15:53:11', '2022-03-24 15:53:11'),
(516, 1, 'admin/auth/permissions', 'GET', '127.0.0.1', '{\"_pjax\":\"#pjax-container\"}', '2022-03-24 15:53:15', '2022-03-24 15:53:15'),
(517, 1, 'admin/auth/logout', 'GET', '127.0.0.1', '{\"_pjax\":\"#pjax-container\"}', '2022-03-24 15:53:21', '2022-03-24 15:53:21'),
(518, 2, 'admin', 'GET', '127.0.0.1', '[]', '2022-03-24 15:53:35', '2022-03-24 15:53:35'),
(519, 2, 'admin/section/sliders', 'GET', '127.0.0.1', '{\"section\":{\"id\":\"1\"},\"_pjax\":\"#pjax-container\"}', '2022-03-24 15:53:39', '2022-03-24 15:53:39'),
(520, 2, 'admin', 'GET', '127.0.0.1', '{\"_pjax\":\"#pjax-container\"}', '2022-03-24 15:53:46', '2022-03-24 15:53:46'),
(521, 2, 'admin/section/sliders', 'GET', '127.0.0.1', '{\"section\":{\"id\":\"5\"},\"_pjax\":\"#pjax-container\"}', '2022-03-24 15:53:52', '2022-03-24 15:53:52'),
(522, 2, 'admin', 'GET', '127.0.0.1', '{\"_pjax\":\"#pjax-container\"}', '2022-03-24 15:53:54', '2022-03-24 15:53:54'),
(523, 2, 'admin/section/sliders', 'GET', '127.0.0.1', '{\"section\":{\"id\":\"6\"},\"_pjax\":\"#pjax-container\"}', '2022-03-24 15:53:55', '2022-03-24 15:53:55'),
(524, 2, 'admin/section/sliders/21/edit', 'GET', '127.0.0.1', '{\"_pjax\":\"#pjax-container\"}', '2022-03-24 15:53:58', '2022-03-24 15:53:58'),
(525, 2, 'admin/section/sliders/21', 'PUT', '127.0.0.1', '{\"section_id\":\"6\",\"alt\":\"\\u7cbe\\u5de5\\u8a2d\\u5099 \\u5c08\\u5229\\u5de5\\u6cd5\",\"display\":\"off\",\"_token\":\"0q5obh6XE8ST9OnXKJSXkItZ74xLVVh7eVObBGeY\",\"_method\":\"PUT\",\"_previous_\":\"http:\\/\\/brilliantlife.tet:8080\\/admin\\/section\\/sliders?&section%5Bid%5D=6\"}', '2022-03-24 15:54:03', '2022-03-24 15:54:03'),
(526, 2, 'admin/section/sliders', 'GET', '127.0.0.1', '{\"section\":{\"id\":\"6\"}}', '2022-03-24 15:54:03', '2022-03-24 15:54:03'),
(527, 2, 'admin/section/sliders/21/edit', 'GET', '127.0.0.1', '{\"_pjax\":\"#pjax-container\"}', '2022-03-24 15:54:08', '2022-03-24 15:54:08'),
(528, 2, 'admin', 'GET', '127.0.0.1', '{\"_pjax\":\"#pjax-container\"}', '2022-03-24 15:54:11', '2022-03-24 15:54:11'),
(529, 2, 'admin/section/sliders', 'GET', '127.0.0.1', '{\"section\":{\"id\":\"1\"},\"_pjax\":\"#pjax-container\"}', '2022-03-24 15:54:13', '2022-03-24 15:54:13'),
(530, 2, 'admin/_grid-sortable_', 'POST', '127.0.0.1', '{\"_token\":\"0q5obh6XE8ST9OnXKJSXkItZ74xLVVh7eVObBGeY\",\"_model\":\"App\\\\Models\\\\SectionSlider\",\"_sort\":[{\"sort\":\"2\",\"key\":\"2\"},{\"sort\":\"3\",\"key\":\"3\"},{\"sort\":\"4\",\"key\":\"4\"},{\"sortable.preventClickEvent\":\"true\",\"sort\":\"1\",\"key\":\"1\"}]}', '2022-03-24 15:54:20', '2022-03-24 15:54:20'),
(531, 2, 'admin/section/sliders', 'GET', '127.0.0.1', '{\"section\":{\"id\":\"1\"},\"_pjax\":\"#pjax-container\"}', '2022-03-24 15:54:21', '2022-03-24 15:54:21'),
(532, 2, 'admin', 'GET', '127.0.0.1', '{\"_pjax\":\"#pjax-container\"}', '2022-03-24 15:54:23', '2022-03-24 15:54:23'),
(533, 2, 'admin/section/sliders', 'GET', '127.0.0.1', '{\"section\":{\"id\":\"1\"},\"_pjax\":\"#pjax-container\"}', '2022-03-24 15:54:24', '2022-03-24 15:54:24'),
(534, 2, 'admin', 'GET', '127.0.0.1', '{\"_pjax\":\"#pjax-container\"}', '2022-03-24 15:54:26', '2022-03-24 15:54:26'),
(535, 2, 'admin/section/sliders', 'GET', '127.0.0.1', '{\"section\":{\"id\":\"2\"},\"_pjax\":\"#pjax-container\"}', '2022-03-24 15:54:27', '2022-03-24 15:54:27'),
(536, 2, 'admin', 'GET', '127.0.0.1', '{\"_pjax\":\"#pjax-container\"}', '2022-03-24 15:54:28', '2022-03-24 15:54:28'),
(537, 2, 'admin/section/sliders', 'GET', '127.0.0.1', '{\"section\":{\"id\":\"3\"},\"_pjax\":\"#pjax-container\"}', '2022-03-24 15:54:29', '2022-03-24 15:54:29'),
(538, 2, 'admin', 'GET', '127.0.0.1', '{\"_pjax\":\"#pjax-container\"}', '2022-03-24 15:54:32', '2022-03-24 15:54:32'),
(539, 2, 'admin/section/sliders', 'GET', '127.0.0.1', '{\"section\":{\"id\":\"7\"},\"_pjax\":\"#pjax-container\"}', '2022-03-24 15:54:33', '2022-03-24 15:54:33'),
(540, 2, 'admin/_grid-sortable_', 'POST', '127.0.0.1', '{\"_token\":\"0q5obh6XE8ST9OnXKJSXkItZ74xLVVh7eVObBGeY\",\"_model\":\"App\\\\Models\\\\SectionSlider\",\"_sort\":[{\"sort\":\"23\",\"key\":\"23\"},{\"sort\":\"24\",\"key\":\"24\"},{\"sort\":\"25\",\"key\":\"25\"},{\"sort\":\"22\",\"key\":\"22\"}]}', '2022-03-24 15:54:37', '2022-03-24 15:54:37'),
(541, 2, 'admin/section/sliders', 'GET', '127.0.0.1', '{\"section\":{\"id\":\"7\"},\"_pjax\":\"#pjax-container\"}', '2022-03-24 15:54:37', '2022-03-24 15:54:37'),
(542, 2, 'admin', 'GET', '127.0.0.1', '{\"_pjax\":\"#pjax-container\"}', '2022-03-24 15:54:39', '2022-03-24 15:54:39'),
(543, 2, 'admin/section/sliders', 'GET', '127.0.0.1', '{\"section\":{\"id\":\"5\"},\"_pjax\":\"#pjax-container\"}', '2022-03-24 15:54:41', '2022-03-24 15:54:41'),
(544, 2, 'admin', 'GET', '127.0.0.1', '{\"_pjax\":\"#pjax-container\"}', '2022-03-24 15:54:43', '2022-03-24 15:54:43'),
(545, 2, 'admin/section/sliders', 'GET', '127.0.0.1', '{\"section\":{\"id\":\"6\"},\"_pjax\":\"#pjax-container\"}', '2022-03-24 15:54:44', '2022-03-24 15:54:44'),
(546, 2, 'admin', 'GET', '127.0.0.1', '{\"_pjax\":\"#pjax-container\"}', '2022-03-24 15:54:46', '2022-03-24 15:54:46'),
(547, 2, 'admin/section/sliders', 'GET', '127.0.0.1', '{\"section\":{\"id\":\"4\"},\"_pjax\":\"#pjax-container\"}', '2022-03-24 15:54:47', '2022-03-24 15:54:47'),
(548, 2, 'admin', 'GET', '127.0.0.1', '{\"_pjax\":\"#pjax-container\"}', '2022-03-24 15:54:49', '2022-03-24 15:54:49'),
(549, 2, 'admin/section/sliders', 'GET', '127.0.0.1', '{\"section\":{\"id\":\"1\"},\"_pjax\":\"#pjax-container\"}', '2022-03-24 15:55:16', '2022-03-24 15:55:16'),
(550, 2, 'admin', 'GET', '127.0.0.1', '{\"_pjax\":\"#pjax-container\"}', '2022-03-24 15:55:21', '2022-03-24 15:55:21'),
(551, 2, 'admin/section/sliders', 'GET', '127.0.0.1', '{\"section\":{\"id\":\"2\"},\"_pjax\":\"#pjax-container\"}', '2022-03-24 15:55:22', '2022-03-24 15:55:22'),
(552, 2, 'admin', 'GET', '127.0.0.1', '{\"_pjax\":\"#pjax-container\"}', '2022-03-24 15:55:37', '2022-03-24 15:55:37'),
(553, 2, 'admin/section/sliders', 'GET', '127.0.0.1', '{\"section\":{\"id\":\"7\"},\"_pjax\":\"#pjax-container\"}', '2022-03-24 15:55:38', '2022-03-24 15:55:38'),
(554, 2, 'admin', 'GET', '127.0.0.1', '{\"_pjax\":\"#pjax-container\"}', '2022-03-24 15:55:41', '2022-03-24 15:55:41'),
(555, 2, 'admin/section/sliders', 'GET', '127.0.0.1', '{\"section\":{\"id\":\"1\"},\"_pjax\":\"#pjax-container\"}', '2022-03-24 15:55:44', '2022-03-24 15:55:44'),
(556, 2, 'admin/_grid-sortable_', 'POST', '127.0.0.1', '{\"_token\":\"0q5obh6XE8ST9OnXKJSXkItZ74xLVVh7eVObBGeY\",\"_model\":\"App\\\\Models\\\\SectionSlider\",\"_sort\":[{\"sortable.preventClickEvent\":\"true\",\"sort\":\"4\",\"key\":\"1\"},{\"sort\":\"1\",\"key\":\"2\"},{\"sort\":\"2\",\"key\":\"3\"},{\"sort\":\"3\",\"key\":\"4\"}]}', '2022-03-24 15:55:48', '2022-03-24 15:55:48'),
(557, 2, 'admin/section/sliders', 'GET', '127.0.0.1', '{\"section\":{\"id\":\"1\"},\"_pjax\":\"#pjax-container\"}', '2022-03-24 15:55:49', '2022-03-24 15:55:49'),
(558, 2, 'admin', 'GET', '127.0.0.1', '{\"_pjax\":\"#pjax-container\"}', '2022-03-24 15:55:52', '2022-03-24 15:55:52'),
(559, 2, 'admin/section/sliders', 'GET', '127.0.0.1', '{\"section\":{\"id\":\"1\"},\"_pjax\":\"#pjax-container\"}', '2022-03-24 16:26:19', '2022-03-24 16:26:19'),
(560, 2, 'admin/section/sliders/create', 'GET', '127.0.0.1', '{\"_pjax\":\"#pjax-container\"}', '2022-03-24 16:26:26', '2022-03-24 16:26:26'),
(561, 2, 'admin/section/sliders', 'GET', '127.0.0.1', '{\"section\":{\"id\":\"1\"},\"_pjax\":\"#pjax-container\"}', '2022-03-24 16:26:33', '2022-03-24 16:26:33'),
(562, 2, 'admin/section/sliders/create', 'GET', '127.0.0.1', '{\"_pjax\":\"#pjax-container\"}', '2022-03-24 16:26:35', '2022-03-24 16:26:35'),
(563, 2, 'admin/section/sliders/create', 'GET', '127.0.0.1', '[]', '2022-03-24 16:26:56', '2022-03-24 16:26:56'),
(564, 2, 'admin/section/sliders/create', 'GET', '127.0.0.1', '[]', '2022-03-24 16:27:08', '2022-03-24 16:27:08'),
(565, 2, 'admin/section/sliders/create', 'GET', '127.0.0.1', '[]', '2022-03-24 16:28:25', '2022-03-24 16:28:25'),
(566, 2, 'admin/section/sliders/create', 'GET', '127.0.0.1', '[]', '2022-03-24 16:30:46', '2022-03-24 16:30:46'),
(567, 2, 'admin/section/sliders/create', 'GET', '127.0.0.1', '[]', '2022-03-24 16:31:03', '2022-03-24 16:31:03'),
(568, 2, 'admin/section/sliders/create', 'GET', '127.0.0.1', '[]', '2022-03-24 16:31:14', '2022-03-24 16:31:14'),
(569, 2, 'admin', 'GET', '127.0.0.1', '[]', '2022-03-24 16:32:02', '2022-03-24 16:32:02'),
(570, 2, 'admin/section/sliders', 'GET', '127.0.0.1', '{\"section\":{\"id\":\"1\"},\"_pjax\":\"#pjax-container\"}', '2022-03-24 16:32:05', '2022-03-24 16:32:05'),
(571, 2, 'admin/section/sliders/1/edit', 'GET', '127.0.0.1', '{\"_pjax\":\"#pjax-container\"}', '2022-03-24 16:32:10', '2022-03-24 16:32:10'),
(572, 2, 'admin/section/sliders/1', 'PUT', '127.0.0.1', '{\"section_id\":\"1\",\"alt\":\"\\u5c0f\\u6a9c\\u6eaa\\u91cd\\u5283\\u5340\",\"display\":\"off\",\"_token\":\"0q5obh6XE8ST9OnXKJSXkItZ74xLVVh7eVObBGeY\",\"_method\":\"PUT\",\"_previous_\":\"http:\\/\\/brilliantlife.tet:8080\\/admin\\/section\\/sliders?&section%5Bid%5D=1\"}', '2022-03-24 16:32:33', '2022-03-24 16:32:33'),
(573, 2, 'admin/section/sliders', 'GET', '127.0.0.1', '{\"section\":{\"id\":\"1\"}}', '2022-03-24 16:32:34', '2022-03-24 16:32:34'),
(574, 2, 'admin/section/sliders/1/edit', 'GET', '127.0.0.1', '{\"_pjax\":\"#pjax-container\"}', '2022-03-24 16:33:29', '2022-03-24 16:33:29'),
(575, 2, 'admin/section/sliders/1/edit', 'GET', '127.0.0.1', '[]', '2022-03-24 16:44:44', '2022-03-24 16:44:44'),
(576, 2, 'admin/section/sliders/1/edit', 'GET', '127.0.0.1', '[]', '2022-03-24 16:46:01', '2022-03-24 16:46:01'),
(577, 2, 'admin/section/sliders/1/edit', 'GET', '127.0.0.1', '[]', '2022-03-24 16:46:32', '2022-03-24 16:46:32'),
(578, 2, 'admin/section/sliders', 'GET', '127.0.0.1', '{\"section\":{\"id\":\"1\"},\"_pjax\":\"#pjax-container\"}', '2022-03-24 16:47:39', '2022-03-24 16:47:39'),
(579, 2, 'admin/section/sliders/create', 'GET', '127.0.0.1', '{\"_pjax\":\"#pjax-container\"}', '2022-03-24 16:47:42', '2022-03-24 16:47:42'),
(580, 2, 'admin/section/sliders/create', 'GET', '127.0.0.1', '[]', '2022-03-24 16:57:52', '2022-03-24 16:57:52'),
(581, 2, 'admin/section/sliders/create', 'GET', '127.0.0.1', '[]', '2022-03-24 16:57:52', '2022-03-24 16:57:52'),
(582, 2, 'admin/section/sliders/create', 'GET', '127.0.0.1', '[]', '2022-03-24 16:57:55', '2022-03-24 16:57:55'),
(583, 2, 'admin/section/sliders/create', 'GET', '127.0.0.1', '[]', '2022-03-24 16:58:25', '2022-03-24 16:58:25'),
(584, 2, 'admin/section/sliders/create', 'GET', '127.0.0.1', '[]', '2022-03-24 16:58:53', '2022-03-24 16:58:53'),
(585, 2, 'admin/section/sliders/create', 'GET', '127.0.0.1', '[]', '2022-03-24 16:59:19', '2022-03-24 16:59:19'),
(586, 2, 'admin/section/sliders/create', 'GET', '127.0.0.1', '[]', '2022-03-24 16:59:25', '2022-03-24 16:59:25'),
(587, 2, 'admin/section/sliders/create', 'GET', '127.0.0.1', '[]', '2022-03-24 16:59:45', '2022-03-24 16:59:45'),
(588, 2, 'admin/section/sliders/create', 'GET', '127.0.0.1', '[]', '2022-03-24 16:59:50', '2022-03-24 16:59:50'),
(589, 2, 'admin/section/sliders', 'GET', '127.0.0.1', '{\"section\":{\"id\":\"1\"},\"_pjax\":\"#pjax-container\"}', '2022-03-24 17:00:41', '2022-03-24 17:00:41'),
(590, 2, 'admin/section/sliders/1/edit', 'GET', '127.0.0.1', '{\"_pjax\":\"#pjax-container\"}', '2022-03-24 17:00:45', '2022-03-24 17:00:45'),
(591, 2, 'admin/section/sliders', 'GET', '127.0.0.1', '{\"section\":{\"id\":\"1\"},\"_pjax\":\"#pjax-container\"}', '2022-03-24 17:01:12', '2022-03-24 17:01:12'),
(592, 2, 'admin/section/sliders/1/edit', 'GET', '127.0.0.1', '{\"_pjax\":\"#pjax-container\"}', '2022-03-24 17:01:14', '2022-03-24 17:01:14'),
(593, 2, 'admin/section/sliders/1/edit', 'GET', '127.0.0.1', '[]', '2022-03-24 17:01:34', '2022-03-24 17:01:34'),
(594, 2, 'admin/section/sliders/1', 'PUT', '127.0.0.1', '{\"section_id\":\"1\",\"alt\":\"\\u5c0f\\u6a9c\\u6eaa\\u91cd\\u5283\\u5340\",\"display\":\"on\",\"_token\":\"0q5obh6XE8ST9OnXKJSXkItZ74xLVVh7eVObBGeY\",\"_method\":\"PUT\",\"_previous_\":\"http:\\/\\/brilliantlife.tet:8080\\/admin\\/section\\/sliders\\/create\"}', '2022-03-24 17:01:38', '2022-03-24 17:01:38'),
(595, 2, 'admin/section/sliders/create', 'GET', '127.0.0.1', '[]', '2022-03-24 17:01:39', '2022-03-24 17:01:39');

-- --------------------------------------------------------

--
-- 資料表結構 `admin_permissions`
--

CREATE TABLE `admin_permissions` (
  `id` int(10) UNSIGNED NOT NULL,
  `name` varchar(50) COLLATE utf8mb4_unicode_ci NOT NULL,
  `slug` varchar(50) COLLATE utf8mb4_unicode_ci NOT NULL,
  `http_method` varchar(255) COLLATE utf8mb4_unicode_ci DEFAULT NULL,
  `http_path` text COLLATE utf8mb4_unicode_ci,
  `created_at` timestamp NULL DEFAULT NULL,
  `updated_at` timestamp NULL DEFAULT NULL
) ENGINE=InnoDB DEFAULT CHARSET=utf8mb4 COLLATE=utf8mb4_unicode_ci;

--
-- 傾印資料表的資料 `admin_permissions`
--

INSERT INTO `admin_permissions` (`id`, `name`, `slug`, `http_method`, `http_path`, `created_at`, `updated_at`) VALUES
(1, 'All permission', '*', '', '*', NULL, NULL),
(2, 'Dashboard', 'dashboard', 'GET', '/', NULL, NULL),
(3, 'Login', 'auth.login', '', '/auth/login\r\n/auth/logout', NULL, NULL),
(4, 'User setting', 'auth.setting', 'GET,PUT', '/auth/setting', NULL, NULL),
(5, 'Auth management', 'auth.management', '', '/auth/roles\r\n/auth/permissions\r\n/auth/menu\r\n/auth/logs', NULL, NULL);

-- --------------------------------------------------------

--
-- 資料表結構 `admin_roles`
--

CREATE TABLE `admin_roles` (
  `id` int(10) UNSIGNED NOT NULL,
  `name` varchar(50) COLLATE utf8mb4_unicode_ci NOT NULL,
  `slug` varchar(50) COLLATE utf8mb4_unicode_ci NOT NULL,
  `created_at` timestamp NULL DEFAULT NULL,
  `updated_at` timestamp NULL DEFAULT NULL
) ENGINE=InnoDB DEFAULT CHARSET=utf8mb4 COLLATE=utf8mb4_unicode_ci;

--
-- 傾印資料表的資料 `admin_roles`
--

INSERT INTO `admin_roles` (`id`, `name`, `slug`, `created_at`, `updated_at`) VALUES
(1, 'Administrator', 'administrator', '2022-03-23 07:07:12', '2022-03-23 07:07:12'),
(2, 'Users', 'users', '2022-03-24 15:47:35', '2022-03-24 15:47:35');

-- --------------------------------------------------------

--
-- 資料表結構 `admin_role_menu`
--

CREATE TABLE `admin_role_menu` (
  `role_id` int(11) NOT NULL,
  `menu_id` int(11) NOT NULL,
  `created_at` timestamp NULL DEFAULT NULL,
  `updated_at` timestamp NULL DEFAULT NULL
) ENGINE=InnoDB DEFAULT CHARSET=utf8mb4 COLLATE=utf8mb4_unicode_ci;

--
-- 傾印資料表的資料 `admin_role_menu`
--

INSERT INTO `admin_role_menu` (`role_id`, `menu_id`, `created_at`, `updated_at`) VALUES
(1, 2, NULL, NULL),
(1, 10, NULL, NULL);

-- --------------------------------------------------------

--
-- 資料表結構 `admin_role_permissions`
--

CREATE TABLE `admin_role_permissions` (
  `role_id` int(11) NOT NULL,
  `permission_id` int(11) NOT NULL,
  `created_at` timestamp NULL DEFAULT NULL,
  `updated_at` timestamp NULL DEFAULT NULL
) ENGINE=InnoDB DEFAULT CHARSET=utf8mb4 COLLATE=utf8mb4_unicode_ci;

--
-- 傾印資料表的資料 `admin_role_permissions`
--

INSERT INTO `admin_role_permissions` (`role_id`, `permission_id`, `created_at`, `updated_at`) VALUES
(1, 1, NULL, NULL),
(2, 1, NULL, NULL);

-- --------------------------------------------------------

--
-- 資料表結構 `admin_role_users`
--

CREATE TABLE `admin_role_users` (
  `role_id` int(11) NOT NULL,
  `user_id` int(11) NOT NULL,
  `created_at` timestamp NULL DEFAULT NULL,
  `updated_at` timestamp NULL DEFAULT NULL
) ENGINE=InnoDB DEFAULT CHARSET=utf8mb4 COLLATE=utf8mb4_unicode_ci;

--
-- 傾印資料表的資料 `admin_role_users`
--

INSERT INTO `admin_role_users` (`role_id`, `user_id`, `created_at`, `updated_at`) VALUES
(1, 1, NULL, NULL),
(2, 2, NULL, NULL);

-- --------------------------------------------------------

--
-- 資料表結構 `admin_users`
--

CREATE TABLE `admin_users` (
  `id` int(10) UNSIGNED NOT NULL,
  `username` varchar(190) COLLATE utf8mb4_unicode_ci NOT NULL,
  `password` varchar(60) COLLATE utf8mb4_unicode_ci NOT NULL,
  `name` varchar(255) COLLATE utf8mb4_unicode_ci NOT NULL,
  `avatar` varchar(255) COLLATE utf8mb4_unicode_ci DEFAULT NULL,
  `remember_token` varchar(100) COLLATE utf8mb4_unicode_ci DEFAULT NULL,
  `created_at` timestamp NULL DEFAULT NULL,
  `updated_at` timestamp NULL DEFAULT NULL
) ENGINE=InnoDB DEFAULT CHARSET=utf8mb4 COLLATE=utf8mb4_unicode_ci;

--
-- 傾印資料表的資料 `admin_users`
--

INSERT INTO `admin_users` (`id`, `username`, `password`, `name`, `avatar`, `remember_token`, `created_at`, `updated_at`) VALUES
(1, 'admin', '$2y$10$RdMogZW.U9KcfHYHQc4C3ekdOpGXxIYIA4gmhX/S/1.MOvLCsVur2', 'Administrator', NULL, 'GZYZym2KEzD5SPHmPre2Wvckp5MEoQktRQQkTwgXDqOopFNPtPvBkVkjpbc1', '2022-03-23 07:07:12', '2022-03-23 07:07:12'),
(2, 'user', '$2y$10$SrGh6gxeBa/Ck9aHHVHx.OVlefKtF0GpLOSQ9RVdkzRy3kGgrHv2.', 'User', 'images/figure.png', 'piok0XkBDuNkj5sZtyw5ZoeXLKUwslri7vMT6CLwQPKrACAig45LSsNwTxE5', '2022-03-24 15:49:15', '2022-03-24 15:49:15');

-- --------------------------------------------------------

--
-- 資料表結構 `admin_user_permissions`
--

CREATE TABLE `admin_user_permissions` (
  `user_id` int(11) NOT NULL,
  `permission_id` int(11) NOT NULL,
  `created_at` timestamp NULL DEFAULT NULL,
  `updated_at` timestamp NULL DEFAULT NULL
) ENGINE=InnoDB DEFAULT CHARSET=utf8mb4 COLLATE=utf8mb4_unicode_ci;

-- --------------------------------------------------------

--
-- 資料表結構 `bl_sections`
--

CREATE TABLE `bl_sections` (
  `id` int(11) NOT NULL,
  `title` varchar(255) DEFAULT NULL,
  `sub_title` varchar(255) DEFAULT NULL,
  `content` text,
  `image` varchar(255) DEFAULT NULL,
  `sort` tinyint(4) DEFAULT '0',
  `display` tinyint(4) DEFAULT '0',
  `created_at` varchar(255) DEFAULT NULL,
  `updated_at` varchar(255) DEFAULT NULL
) ENGINE=InnoDB DEFAULT CHARSET=utf8mb4;

--
-- 傾印資料表的資料 `bl_sections`
--

INSERT INTO `bl_sections` (`id`, `title`, `sub_title`, `content`, `image`, `sort`, `display`, `created_at`, `updated_at`) VALUES
(1, '桃園市心', NULL, NULL, NULL, 0, 0, '1648050236', '1648133743'),
(2, '捷運名宅', NULL, NULL, NULL, 0, 0, '1648050256', '1648133766'),
(3, '樂活商圈', NULL, NULL, NULL, 0, 0, '1648050259', '1648133775'),
(4, '綠意書香', NULL, NULL, NULL, 0, 0, '1648050263', '1648133788'),
(5, '豪宅團隊', NULL, NULL, NULL, 0, 0, '1648050266', '1648133804'),
(6, '專利精工', NULL, NULL, NULL, 0, 0, '1648050269', '1648133838'),
(7, '超值坪效', NULL, NULL, NULL, 0, 0, '1648050272', '1648133847');

-- --------------------------------------------------------

--
-- 資料表結構 `bl_section_sliders`
--

CREATE TABLE `bl_section_sliders` (
  `id` int(11) NOT NULL,
  `section_id` int(11) NOT NULL,
  `image` varchar(255) NOT NULL,
  `alt` varchar(255) DEFAULT NULL,
  `order` tinyint(4) DEFAULT '0',
  `display` tinyint(4) NOT NULL DEFAULT '0',
  `created_at` varchar(255) DEFAULT NULL,
  `updated_at` varchar(255) DEFAULT NULL
) ENGINE=InnoDB DEFAULT CHARSET=utf8mb4;

--
-- 傾印資料表的資料 `bl_section_sliders`
--

INSERT INTO `bl_section_sliders` (`id`, `section_id`, `image`, `alt`, `order`, `display`, `created_at`, `updated_at`) VALUES
(1, 1, 'images/img-01-01.png', '小檜溪重劃區', 1, 1, '1648134247', '1648141298'),
(2, 1, 'images/img-01-02.png', '中正藝文特區', 2, 1, '1648134277', '1648137348'),
(3, 1, 'images/img-01-03.png', '中路特區', 3, 1, '1648134312', '1648137348'),
(4, 1, 'images/img-01-04.png', '站前商圈', 4, 1, '1648134331', '1648137348'),
(5, 2, 'images/img-02-01.png', '捷運綠線G09站', 5, 1, '1648134350', '1648134350'),
(6, 2, 'images/img-02-02.png', '南桃園交流道', 6, 1, '1648134449', '1648134449'),
(7, 2, 'images/img-02-03.png', '桃園車站', 7, 1, '1648134531', '1648134531'),
(8, 2, 'images/img-02-04.png', '捷運示意圖', 8, 1, '1648134593', '1648134593'),
(9, 3, 'images/img-03-01.png', '桃園觀光夜市', 9, 1, '1648134663', '1648134663'),
(10, 3, 'images/img-03-02.png', '全聯福利中心', 10, 1, '1648134685', '1648134685'),
(11, 3, 'images/img-03-03.png', '中正路商圈', 11, 1, '1648134710', '1648134710'),
(12, 3, 'images/img-03-04.png', '永安路商圈', 12, 1, '1648134733', '1648134733'),
(13, 4, 'images/img-04-01.png', '永康公園', 13, 1, '1648134778', '1648134778'),
(14, 4, 'images/img-04-02.png', '溫州公園', 14, 1, '1648134805', '1648134805'),
(15, 4, 'images/img-04-03.png', '風禾公園', 15, 1, '1648134834', '1648134834'),
(16, 4, 'images/img-04-04.png', '慈文國中', 16, 1, '1648134856', '1648134856'),
(17, 4, 'images/img-04-05.png', '向陽公園', 17, 1, '1648134878', '1648134948'),
(18, 4, 'images/img-04-06.png', '何嘉仁幼兒園', 18, 1, '1648134966', '1648134966'),
(19, 4, 'images/img-04-07.png', 'YouBike', 19, 1, '1648134986', '1648134986'),
(20, 5, 'images/img-05-01.png', '定泰建設 連續9年 榮獲台灣誠信建商', 20, 1, '1648135009', '1648135009'),
(21, 6, 'images/img-06-01.png', '精工設備 專利工法', 21, 0, '1648135044', '1648137243'),
(22, 7, 'images/img-07-01.png', '樣品屋實景', 25, 1, '1648135069', '1648137277'),
(23, 7, 'images/img-07-02.png', '樣品屋實景', 22, 1, '1648135091', '1648137277'),
(24, 7, 'images/img-07-03.png', '樣品屋實景', 23, 1, '1648135109', '1648137277'),
(25, 7, 'images/img-07-04.png', '樣品屋實景', 24, 1, '1648135122', '1648137277');

-- --------------------------------------------------------

--
-- 資料表結構 `failed_jobs`
--

CREATE TABLE `failed_jobs` (
  `id` bigint(20) UNSIGNED NOT NULL,
  `uuid` varchar(255) COLLATE utf8mb4_unicode_ci NOT NULL,
  `connection` text COLLATE utf8mb4_unicode_ci NOT NULL,
  `queue` text COLLATE utf8mb4_unicode_ci NOT NULL,
  `payload` longtext COLLATE utf8mb4_unicode_ci NOT NULL,
  `exception` longtext COLLATE utf8mb4_unicode_ci NOT NULL,
  `failed_at` timestamp NOT NULL DEFAULT CURRENT_TIMESTAMP
) ENGINE=InnoDB DEFAULT CHARSET=utf8mb4 COLLATE=utf8mb4_unicode_ci;

-- --------------------------------------------------------

--
-- 資料表結構 `migrations`
--

CREATE TABLE `migrations` (
  `id` int(10) UNSIGNED NOT NULL,
  `migration` varchar(255) COLLATE utf8mb4_unicode_ci NOT NULL,
  `batch` int(11) NOT NULL
) ENGINE=InnoDB DEFAULT CHARSET=utf8mb4 COLLATE=utf8mb4_unicode_ci;

--
-- 傾印資料表的資料 `migrations`
--

INSERT INTO `migrations` (`id`, `migration`, `batch`) VALUES
(1, '2014_10_12_000000_create_users_table', 1),
(2, '2014_10_12_100000_create_password_resets_table', 1),
(3, '2016_01_04_173148_create_admin_tables', 1),
(4, '2019_08_19_000000_create_failed_jobs_table', 1),
(5, '2019_12_14_000001_create_personal_access_tokens_table', 1);

-- --------------------------------------------------------

--
-- 資料表結構 `password_resets`
--

CREATE TABLE `password_resets` (
  `email` varchar(255) COLLATE utf8mb4_unicode_ci NOT NULL,
  `token` varchar(255) COLLATE utf8mb4_unicode_ci NOT NULL,
  `created_at` timestamp NULL DEFAULT NULL
) ENGINE=InnoDB DEFAULT CHARSET=utf8mb4 COLLATE=utf8mb4_unicode_ci;

-- --------------------------------------------------------

--
-- 資料表結構 `personal_access_tokens`
--

CREATE TABLE `personal_access_tokens` (
  `id` bigint(20) UNSIGNED NOT NULL,
  `tokenable_type` varchar(255) COLLATE utf8mb4_unicode_ci NOT NULL,
  `tokenable_id` bigint(20) UNSIGNED NOT NULL,
  `name` varchar(255) COLLATE utf8mb4_unicode_ci NOT NULL,
  `token` varchar(64) COLLATE utf8mb4_unicode_ci NOT NULL,
  `abilities` text COLLATE utf8mb4_unicode_ci,
  `last_used_at` timestamp NULL DEFAULT NULL,
  `created_at` timestamp NULL DEFAULT NULL,
  `updated_at` timestamp NULL DEFAULT NULL
) ENGINE=InnoDB DEFAULT CHARSET=utf8mb4 COLLATE=utf8mb4_unicode_ci;

-- --------------------------------------------------------

--
-- 資料表結構 `users`
--

CREATE TABLE `users` (
  `id` bigint(20) UNSIGNED NOT NULL,
  `name` varchar(255) COLLATE utf8mb4_unicode_ci NOT NULL,
  `email` varchar(255) COLLATE utf8mb4_unicode_ci NOT NULL,
  `email_verified_at` timestamp NULL DEFAULT NULL,
  `password` varchar(255) COLLATE utf8mb4_unicode_ci NOT NULL,
  `remember_token` varchar(100) COLLATE utf8mb4_unicode_ci DEFAULT NULL,
  `created_at` timestamp NULL DEFAULT NULL,
  `updated_at` timestamp NULL DEFAULT NULL
) ENGINE=InnoDB DEFAULT CHARSET=utf8mb4 COLLATE=utf8mb4_unicode_ci;

--
-- 已傾印資料表的索引
--

--
-- 資料表索引 `admin_menu`
--
ALTER TABLE `admin_menu`
  ADD PRIMARY KEY (`id`);

--
-- 資料表索引 `admin_operation_log`
--
ALTER TABLE `admin_operation_log`
  ADD PRIMARY KEY (`id`),
  ADD KEY `admin_operation_log_user_id_index` (`user_id`);

--
-- 資料表索引 `admin_permissions`
--
ALTER TABLE `admin_permissions`
  ADD PRIMARY KEY (`id`),
  ADD UNIQUE KEY `admin_permissions_name_unique` (`name`),
  ADD UNIQUE KEY `admin_permissions_slug_unique` (`slug`);

--
-- 資料表索引 `admin_roles`
--
ALTER TABLE `admin_roles`
  ADD PRIMARY KEY (`id`),
  ADD UNIQUE KEY `admin_roles_name_unique` (`name`),
  ADD UNIQUE KEY `admin_roles_slug_unique` (`slug`);

--
-- 資料表索引 `admin_role_menu`
--
ALTER TABLE `admin_role_menu`
  ADD KEY `admin_role_menu_role_id_menu_id_index` (`role_id`,`menu_id`);

--
-- 資料表索引 `admin_role_permissions`
--
ALTER TABLE `admin_role_permissions`
  ADD KEY `admin_role_permissions_role_id_permission_id_index` (`role_id`,`permission_id`);

--
-- 資料表索引 `admin_role_users`
--
ALTER TABLE `admin_role_users`
  ADD KEY `admin_role_users_role_id_user_id_index` (`role_id`,`user_id`);

--
-- 資料表索引 `admin_users`
--
ALTER TABLE `admin_users`
  ADD PRIMARY KEY (`id`),
  ADD UNIQUE KEY `admin_users_username_unique` (`username`);

--
-- 資料表索引 `admin_user_permissions`
--
ALTER TABLE `admin_user_permissions`
  ADD KEY `admin_user_permissions_user_id_permission_id_index` (`user_id`,`permission_id`);

--
-- 資料表索引 `bl_sections`
--
ALTER TABLE `bl_sections`
  ADD PRIMARY KEY (`id`);

--
-- 資料表索引 `bl_section_sliders`
--
ALTER TABLE `bl_section_sliders`
  ADD PRIMARY KEY (`id`);

--
-- 資料表索引 `failed_jobs`
--
ALTER TABLE `failed_jobs`
  ADD PRIMARY KEY (`id`),
  ADD UNIQUE KEY `failed_jobs_uuid_unique` (`uuid`);

--
-- 資料表索引 `migrations`
--
ALTER TABLE `migrations`
  ADD PRIMARY KEY (`id`);

--
-- 資料表索引 `password_resets`
--
ALTER TABLE `password_resets`
  ADD KEY `password_resets_email_index` (`email`);

--
-- 資料表索引 `personal_access_tokens`
--
ALTER TABLE `personal_access_tokens`
  ADD PRIMARY KEY (`id`),
  ADD UNIQUE KEY `personal_access_tokens_token_unique` (`token`),
  ADD KEY `personal_access_tokens_tokenable_type_tokenable_id_index` (`tokenable_type`,`tokenable_id`);

--
-- 資料表索引 `users`
--
ALTER TABLE `users`
  ADD PRIMARY KEY (`id`),
  ADD UNIQUE KEY `users_email_unique` (`email`);

--
-- 在傾印的資料表使用自動遞增(AUTO_INCREMENT)
--

--
-- 使用資料表自動遞增(AUTO_INCREMENT) `admin_menu`
--
ALTER TABLE `admin_menu`
  MODIFY `id` int(10) UNSIGNED NOT NULL AUTO_INCREMENT, AUTO_INCREMENT=11;

--
-- 使用資料表自動遞增(AUTO_INCREMENT) `admin_operation_log`
--
ALTER TABLE `admin_operation_log`
  MODIFY `id` int(10) UNSIGNED NOT NULL AUTO_INCREMENT, AUTO_INCREMENT=596;

--
-- 使用資料表自動遞增(AUTO_INCREMENT) `admin_permissions`
--
ALTER TABLE `admin_permissions`
  MODIFY `id` int(10) UNSIGNED NOT NULL AUTO_INCREMENT, AUTO_INCREMENT=6;

--
-- 使用資料表自動遞增(AUTO_INCREMENT) `admin_roles`
--
ALTER TABLE `admin_roles`
  MODIFY `id` int(10) UNSIGNED NOT NULL AUTO_INCREMENT, AUTO_INCREMENT=3;

--
-- 使用資料表自動遞增(AUTO_INCREMENT) `admin_users`
--
ALTER TABLE `admin_users`
  MODIFY `id` int(10) UNSIGNED NOT NULL AUTO_INCREMENT, AUTO_INCREMENT=3;

--
-- 使用資料表自動遞增(AUTO_INCREMENT) `bl_sections`
--
ALTER TABLE `bl_sections`
  MODIFY `id` int(11) NOT NULL AUTO_INCREMENT, AUTO_INCREMENT=8;

--
-- 使用資料表自動遞增(AUTO_INCREMENT) `bl_section_sliders`
--
ALTER TABLE `bl_section_sliders`
  MODIFY `id` int(11) NOT NULL AUTO_INCREMENT, AUTO_INCREMENT=26;

--
-- 使用資料表自動遞增(AUTO_INCREMENT) `failed_jobs`
--
ALTER TABLE `failed_jobs`
  MODIFY `id` bigint(20) UNSIGNED NOT NULL AUTO_INCREMENT;

--
-- 使用資料表自動遞增(AUTO_INCREMENT) `migrations`
--
ALTER TABLE `migrations`
  MODIFY `id` int(10) UNSIGNED NOT NULL AUTO_INCREMENT, AUTO_INCREMENT=6;

--
-- 使用資料表自動遞增(AUTO_INCREMENT) `personal_access_tokens`
--
ALTER TABLE `personal_access_tokens`
  MODIFY `id` bigint(20) UNSIGNED NOT NULL AUTO_INCREMENT;

--
-- 使用資料表自動遞增(AUTO_INCREMENT) `users`
--
ALTER TABLE `users`
  MODIFY `id` bigint(20) UNSIGNED NOT NULL AUTO_INCREMENT;
COMMIT;

/*!40101 SET CHARACTER_SET_CLIENT=@OLD_CHARACTER_SET_CLIENT */;
/*!40101 SET CHARACTER_SET_RESULTS=@OLD_CHARACTER_SET_RESULTS */;
/*!40101 SET COLLATION_CONNECTION=@OLD_COLLATION_CONNECTION */;
